10.12,0,0,0,0,0,0,1,0,0,0,0,0,0
10.3601,-0.000419319,1.07871e-06,0,0,0,0.00128626,0.999999,0,0,0,0,0,0
10.6801,-0.00377374,-2.26522e-05,0,0,0,0.0115761,0.999933,-0.0104838,0,0,0,0,0.064318
10.9601,-0.007965,-0.000147762,0,0,0,0.0244365,0.999701,-0.0209713,0,0,0,0,0.128658
11.24,-0.0138232,-0.000515309,0,0,0,0.0552809,0.998471,-0.0210144,0,0,0,0,0.257845
11.5201,-0.0188105,-0.00117668,0,0,0,0.093759,0.995595,-0.0104833,0,0,0,0,0.321573
11.8,-0.0216901,-0.00174257,0,0,0,0.13847,0.990367,0,0,0,0,0,0.386992
11.8801,-0.0220931,-0.00185861,0,0,0,0.152468,0.988308,-0.0104927,0,0,0,0,0.321862
12.0001,-0.0216934,-0.00173228,0,0,0,0.179105,0.98383,0.0104843,0,0,0,0,0.450247
12.0401,-0.0212983,-0.0015916,0,0,0,0.187955,0.982178,0.0104817,0,0,0,0,0.450135
12.08,-0.0209059,-0.00144382,0,0,0,0.196791,0.980445,0.0105101,0,0,0,0,0.451353
12.3201,-0.0163193,0.000620771,0,0,0,0.244459,0.96966,0.0209713,0,0,0,0,0.385975
12.7201,0.00126363,0.0112314,0,0,0,0.302597,0.953119,0.0731962,0,0,0,0,0.320754
12.9201,0.0104199,0.0178871,0,0,0,0.335508,0.942037,0.0628854,0,0,0,0,0.3858
13.1201,0.0203602,0.0262592,0,0,0,0.370406,0.92887,0.0627351,0,0,0,0,0.384878
13.2801,0.0284958,0.0341292,0,0,0,0.400079,0.916481,0.0733571,0,0,0,0,0.32146
13.5201,0.0404028,0.047659,0,0,0,0.445531,0.895267,0.0837992,0,0,0,0,0.385579
13.7201,0.0497837,0.0605324,0,0,0,0.486494,0.873684,0.073372,0,0,0,0,0.450135
13.8801,0.056745,0.0720005,0,0,0,0.517638,0.8556,0.0733772,0,0,0,0,0.450167
14.0401,0.0626502,0.0835778,0,0,0,0.547034,0.837111,0.0941592,0,0,0,0,0.449294
14.2801,0.0698966,0.101444,0,0,0,0.58936,0.80787,0.083703,0,0,0,0,0.385137
14.4401,0.0738442,0.114265,0,0,0,0.616043,0.787712,0.094309,0,0,0,0,0.321435
14.6,0.0774229,0.129358,0,0,0,0.64105,0.767499,0.0944604,0,0,0,0,0.321951
14.7601,0.0802151,0.145469,0,0,0,0.663472,0.748201,0.104935,0,0,0,0,0.386265
14.9201,0.0821788,0.162968,0,0,0,0.684376,0.729129,0.115336,0,0,0,0,0.321628
15.0801,0.0831524,0.18097,0,0,0,0.705644,0.708566,0.115333,0,0,0,0,0.321621
15.2401,0.0831139,0.199838,0,0,0,0.724524,0.68925,0.125404,0,0,0,0,0.384674
15.4,0.0819633,0.22035,0,0,0,0.737686,0.675144,0.136276,0,0,0,0,0.192934
15.56,0.0798944,0.242477,0,0,0,0.750574,0.660786,0.146791,0,0,0,0,0.257303
15.72,0.0770946,0.263677,0,0,0,0.759848,0.6501,0.126054,0,0,0,0,0.12889
15.9201,0.0730504,0.288508,0,0,0,0.769792,0.638295,0.115129,0,0,0,0,0.19263
15.9601,0.0720549,0.293867,0,0,0,0.770612,0.637304,0.136457,0,0,0,0,0.0643967
16,0.0712242,0.298404,0,0,0,0.773066,0.634326,0.115339,0,0,0,0,0.192983
16.04,0.0701735,0.303753,0,0,0,0.773881,0.633331,0.136381,0,0,0,0,0.064361
16.0801,0.0692037,0.308691,0,0,0,0.775508,0.631338,0.125561,0,0,0,0,0.128386
16.1201,0.0682085,0.313623,0,0,0,0.777129,0.629341,0.125808,0,0,0,0,0.128638
16.1601,0.0671626,0.318545,0,0,0,0.777129,0.629341,0.125768,0,0,0,0,0
16.2001,0.0662154,0.323059,0,0,0,0.777938,0.628341,0.115322,0,0,0,0,0.064318
16.2401,0.0651568,0.327979,0,0,0,0.777938,0.628341,0.125805,0,0,0,0,0
16.2801,0.0641236,0.332903,0,0,0,0.779552,0.626338,0.125759,0,0,0,0,0.128588
16.3201,0.0630397,0.337817,0,0,0,0.779552,0.626338,0.125815,0,0,0,0,0
16.36,0.0619558,0.342731,0,0,0,0.779552,0.626338,0.126023,0,0,0,0,0
16.44,0.0598795,0.352149,0,0,0,0.778746,0.62734,0.125998,0,0,0,0,0
16.4801,0.0588083,0.357065,0,0,0,0.778746,0.62734,0.125536,0,0,0,0,0
16.5201,0.0576341,0.362389,0,0,0,0.777938,0.628341,0.136313,0,0,0,0,-0.0643291
16.5601,0.0564736,0.367715,0,0,0,0.777129,0.629341,0.136228,0,0,0,0,-0.0642889
16.6001,0.0553542,0.37305,0,0,0,0.777938,0.628341,0.136306,0,0,0,0,0.0643257
16.6401,0.0541937,0.378376,0,0,0,0.777129,0.629341,0.13631,0,0,0,0,-0.0643276
16.6801,0.0530469,0.383705,0,0,0,0.776319,0.63034,0.136258,0,0,0,0,-0.064303
16.7201,0.0519884,0.388624,0,0,0,0.774695,0.632335,0.125904,0,0,0,0,-0.128736
16.7601,0.0508827,0.393962,0,0,0,0.773881,0.633331,0.136218,0,0,0,0,-0.0642839
16.8001,0.0497908,0.399303,0,0,0,0.773066,0.634326,0.136317,0,0,0,0,-0.0643306
16.8401,0.0487127,0.404646,0,0,0,0.772249,0.63532,0.136188,0,0,0,0,-0.0642697
16.8801,0.0476483,0.409993,0,0,0,0.771431,0.636313,0.136323,0,0,0,0,-0.0643337
16.9201,0.0465976,0.415342,0,0,0,0.770612,0.637304,0.136242,0,0,0,0,-0.0642954
17,0.0445377,0.426048,0,0,0,0.76897,0.639285,0.136449,0,0,0,0,-0.0643932
17.0401,0.0436187,0.430995,0,0,0,0.76897,0.639285,0.12552,0,0,0,0,0
17.0801,0.0425818,0.436346,0,0,0,0.766498,0.642247,0.136385,0,0,0,0,-0.193089
17.1201,0.0417011,0.441301,0,0,0,0.766498,0.642247,0.125834,0,0,0,0,0
17.1601,0.0406438,0.447075,0,0,0,0.764843,0.644217,0.146762,0,0,0,0,-0.128626
17.2001,0.0398481,0.451619,0,0,0,0.764014,0.6452,0.115201,0,0,0,0,-0.0642502
17.2401,0.0388354,0.457401,0,0,0,0.762351,0.647164,0.146883,0,0,0,0,-0.128732
17.2801,0.0379929,0.462362,0,0,0,0.760684,0.649123,0.125831,0,0,0,0,-0.128661
17.3201,0.037176,0.467327,0,0,0,0.759011,0.651077,0.125664,0,0,0,0,-0.128491
17.3601,0.0363325,0.472712,0,0,0,0.758173,0.652053,0.136426,0,0,0,0,-0.0643821
17.4001,0.035607,0.477268,0,0,0,0.755652,0.654974,0.115302,0,0,0,0,-0.192919
17.4401,0.034819,0.482661,0,0,0,0.754809,0.655945,0.136231,0,0,0,0,-0.0642904
17.4801,0.0340915,0.48764,0,0,0,0.753119,0.657885,0.125778,0,0,0,0,-0.128607
17.56,0.0327136,0.497609,0,0,0,0.749724,0.661751,0.126089,0,0,0,0,-0.128926
17.6,0.0321291,0.502185,0,0,0,0.748872,0.662715,0.115275,0,0,0,0,-0.0642919
17.6401,0.0314914,0.507176,0,0,0,0.747165,0.664639,0.125549,0,0,0,0,-0.128373
17.6801,0.0308794,0.51217,0,0,0,0.745452,0.666559,0.125827,0,0,0,0,-0.128657
17.7201,0.0302582,0.517586,0,0,0,0.744594,0.667517,0.136235,0,0,0,0,-0.0642923
17.76,0.0296848,0.522585,0,0,0,0.742875,0.66943,0.125966,0,0,0,0,-0.1288
17.8,0.0291946,0.527172,0,0,0,0.742013,0.670385,0.115403,0,0,0,0,-0.0643629
17.84,0.0286292,0.532593,0,0,0,0.74115,0.671339,0.136351,0,0,0,0,-0.0643468
17.88,0.0281389,0.53718,0,0,0,0.738554,0.674194,0.115215,0,0,0,0,-0.192775
17.9201,0.0276293,0.542607,0,0,0,0.737686,0.675144,0.136024,0,0,0,0,-0.0641925
17.96,0.0271863,0.547198,0,0,0,0.735076,0.677985,0.115631,0,0,0,0,-0.193471
18.0001,0.0267326,0.55263,0,0,0,0.734203,0.67893,0.13594,0,0,0,0,-0.0641528
18.08,0.0259653,0.562244,0,0,0,0.731578,0.681758,0.115567,0,0,0,0,-0.0644548
18.12,0.0255852,0.567262,0,0,0,0.729821,0.683638,0.125809,0,0,0,0,-0.128639
18.16,0.0252309,0.572281,0,0,0,0.72806,0.685513,0.125686,0,0,0,0,-0.128513
18.2001,0.0249024,0.577302,0,0,0,0.726294,0.687384,0.125629,0,0,0,0,-0.128455
18.2401,0.0245998,0.582325,0,0,0,0.724524,0.68925,0.125786,0,0,0,0,-0.128616
18.2801,0.0243139,0.587768,0,0,0,0.723637,0.690181,0.136242,0,0,0,0,-0.0642954
18.3201,0.0240501,0.592793,0,0,0,0.721859,0.692041,0.125837,0,0,0,0,-0.128668
18.3601,0.0238121,0.59782,0,0,0,0.720076,0.693895,0.125774,0,0,0,0,-0.128603
18.4,0.0235999,0.602847,0,0,0,0.718289,0.695745,0.126026,0,0,0,0,-0.128861
18.4401,0.0234136,0.607875,0,0,0,0.716496,0.697591,0.125702,0,0,0,0,-0.128529
18.48,0.0232539,0.613324,0,0,0,0.715598,0.698512,0.136293,0,0,0,0,-0.0643195
18.5201,0.023131,0.617516,0,0,0,0.713799,0.70035,0.104675,0,0,0,0,-0.128436
18.5601,0.0230133,0.622965,0,0,0,0.712898,0.701268,0.136242,0,0,0,0,-0.0642954
18.6401,0.0228219,0.633027,0,0,0,0.70928,0.704927,0.125825,0,0,0,0,-0.128655
18.68,0.0227743,0.638478,0,0,0,0.708373,0.705838,0.136607,0,0,0,0,-0.0644675
18.7201,0.0227304,0.64351,0,0,0,0.706555,0.707658,0.125496,0,0,0,0,-0.128319
18.7601,0.0227124,0.648542,0,0,0,0.704732,0.709474,0.125877,0,0,0,0,-0.128709
18.8001,0.0227202,0.653574,0,0,0,0.702905,0.711284,0.125753,0,0,0,0,-0.128582
18.84,0.022754,0.658605,0,0,0,0.701072,0.71309,0.126026,0,0,0,0,-0.128861
18.88,0.0228395,0.663636,0,0,0,0.701072,0.71309,0.125831,0,0,0,0,0
18.9201,0.0228732,0.668668,0,0,0,0.697394,0.716688,0.125516,0,0,0,0,-0.25668
18.96,0.0230105,0.673698,0,0,0,0.697394,0.716688,0.126007,0,0,0,0,0
19.0001,0.0231219,0.678729,0,0,0,0.695548,0.718479,0.125576,0,0,0,0,-0.128401
19.0401,0.0232592,0.683759,0,0,0,0.693698,0.720266,0.12567,0,0,0,0,-0.128497
19.1201,0.0235973,0.693817,0,0,0,0.689983,0.723826,0.136028,0,0,0,0,-0.192583
19.1601,0.0238381,0.698843,0,0,0,0.689983,0.723826,0.125815,0,0,0,0,0
19.2001,0.024053,0.70387,0,0,0,0.688118,0.725598,0.125812,0,0,0,0,-0.128642
19.24,0.0242938,0.708896,0,0,0,0.68625,0.727366,0.125937,0,0,0,0,-0.12877
19.2801,0.0245862,0.713919,0,0,0,0.68625,0.727366,0.125633,0,0,0,0,0
19.3201,0.024827,0.718946,0,0,0,0.682498,0.730887,0.125768,0,0,0,0,-0.257194
19.3601,0.0251711,0.723966,0,0,0,0.682498,0.730887,0.125938,0,0,0,0,0
19.4,0.025502,0.729407,0,0,0,0.679673,0.733515,0.13646,0,0,0,0,-0.193195
19.4401,0.0258411,0.734007,0,0,0,0.678729,0.734389,0.114985,0,0,0,0,-0.0641299
19.4801,0.0262111,0.739025,0,0,0,0.676837,0.736133,0.125862,0,0,0,0,-0.128694
19.52,0.0266068,0.744041,0,0,0,0.674941,0.737871,0.126092,0,0,0,0,-0.128929
19.56,0.0270284,0.749055,0,0,0,0.673041,0.739605,0.125837,0,0,0,0,-0.128668
19.6,0.0274758,0.754067,0,0,0,0.671136,0.741334,0.125783,0,0,0,0,-0.128613
19.6801,0.0284733,0.764503,0,0,0,0.66827,0.743918,0.136522,0,0,0,0,-0.193282
19.7201,0.0289543,0.76909,0,0,0,0.667313,0.744777,0.115293,0,0,0,0,-0.0643015
19.7601,0.029479,0.774094,0,0,0,0.665395,0.746492,0.125957,0,0,0,0,-0.12879
19.8,0.0300294,0.779096,0,0,0,0.663472,0.748201,0.125988,0,0,0,0,-0.128822
19.8401,0.0305693,0.783677,0,0,0,0.662509,0.749054,0.11502,0,0,0,0,-0.0641494
19.8801,0.0311583,0.788674,0,0,0,0.66058,0.750756,0.125772,0,0,0,0,-0.128601
19.9201,0.031773,0.793668,0,0,0,0.658647,0.752452,0.125828,0,0,0,0,-0.128658
19.9601,0.0323718,0.798242,0,0,0,0.657678,0.753299,0.115321,0,0,0,0,-0.0643176
20.0001,0.0330934,0.803645,0,0,0,0.656709,0.754144,0.136405,0,0,0,0,-0.0643725
20.0401,0.0336922,0.808219,0,0,0,0.653794,0.756673,0.115195,0,0,0,0,-0.192741
20.08,0.0344223,0.813197,0,0,0,0.653794,0.756673,0.126089,0,0,0,0,0
20.12,0.0351269,0.818179,0,0,0,0.651845,0.758352,0.125777,0,0,0,0,-0.128606
20.1601,0.035857,0.823158,0,0,0,0.649892,0.760027,0.125523,0,0,0,0,-0.128347
20.2401,0.0373941,0.833104,0,0,0,0.645973,0.76336,0.125389,0,0,0,0,-0.12821
20.2801,0.0382821,0.838482,0,0,0,0.644991,0.76419,0.13632,0,0,0,0,-0.0643322
20.3201,0.0390218,0.843035,0,0,0,0.642037,0.766674,0.115273,0,0,0,0,-0.192871
20.3601,0.0399053,0.847988,0,0,0,0.642037,0.766674,0.125846,0,0,0,0,0
20.4001,0.0407632,0.852947,0,0,0,0.640063,0.768323,0.125815,0,0,0,0,-0.128645
20.44,0.0416467,0.8579,0,0,0,0.638084,0.769967,0.126023,0,0,0,0,-0.128858
20.4801,0.0425557,0.862849,0,0,0,0.636101,0.771606,0.125539,0,0,0,0,-0.128363
20.5201,0.0434901,0.867794,0,0,0,0.634114,0.773239,0.125827,0,0,0,0,-0.128657
20.5601,0.0444753,0.872728,0,0,0,0.634114,0.773239,0.125765,0,0,0,0,0
20.6,0.0453435,0.877258,0,0,0,0.631126,0.775681,0.115654,0,0,0,0,-0.19351
20.6401,0.0464383,0.882598,0,0,0,0.630127,0.776492,0.135912,0,0,0,0,-0.0641398
20.6801,0.0474489,0.887528,0,0,0,0.628128,0.77811,0.125818,0,0,0,0,-0.128648
20.7201,0.0484849,0.892452,0,0,0,0.626124,0.779724,0.125844,0,0,0,0,-0.128674
20.8001,0.0506327,0.902283,0,0,0,0.622104,0.782935,0.125786,0,0,0,0,-0.128616
20.84,0.0517698,0.907185,0,0,0,0.622104,0.782935,0.126105,0,0,0,0,0
20.88,0.0528816,0.912093,0,0,0,0.620088,0.784532,0.125783,0,0,0,0,-0.128613
20.9201,0.0540187,0.916994,0,0,0,0.618068,0.786125,0.125517,0,0,0,0,-0.128341
20.96,0.0550956,0.921479,0,0,0,0.617056,0.786919,0.115541,0,0,0,0,-0.0644401
21.0001,0.0562705,0.926372,0,0,0,0.615029,0.788504,0.125558,0,0,0,0,-0.128382
21.04,0.0574956,0.931253,0,0,0,0.615029,0.788504,0.126023,0,0,0,0,0
21.0801,0.0584956,0.935325,0,0,0,0.612999,0.790084,0.104644,0,0,0,0,-0.128398
21.12,0.0597459,0.940199,0,0,0,0.612999,0.790084,0.126016,0,0,0,0,0
21.16,0.0608804,0.94467,0,0,0,0.611982,0.790872,0.115388,0,0,0,0,-0.0643548
21.2,0.0620265,0.949137,0,0,0,0.610964,0.791658,0.115351,0,0,0,0,-0.0643341
21.2401,0.063184,0.953602,0,0,0,0.609946,0.792443,0.11496,0,0,0,0,-0.0641158
21.28,0.064353,0.958064,0,0,0,0.608926,0.793227,0.115666,0,0,0,0,-0.0645095
21.3601,0.0666171,0.966574,0,0,0,0.607905,0.79401,0.115282,0,0,0,0,-0.0642954
21.4001,0.0678091,0.97103,0,0,0,0.606883,0.794791,0.115411,0,0,0,0,-0.0643675
21.4401,0.0690125,0.975483,0,0,0,0.60586,0.795571,0.115328,0,0,0,0,-0.0643211
21.4801,0.0701273,0.979525,0,0,0,0.60586,0.795571,0.104806,0,0,0,0,0
21.5201,0.0713422,0.983975,0,0,0,0.604837,0.79635,0.115351,0,0,0,0,-0.0643341
21.5601,0.0724674,0.988014,0,0,0,0.604837,0.79635,0.104827,0,0,0,0,0
21.6,0.0736937,0.99246,0,0,0,0.603812,0.797127,0.115489,0,0,0,0,-0.0644113
21.6401,0.0750565,0.997304,0,0,0,0.603812,0.797127,0.125513,0,0,0,0,0
21.6801,0.0761713,1.00135,0,0,0,0.601759,0.798678,0.104904,0,0,0,0,-0.128717
21.7201,0.0775589,1.00618,0,0,0,0.601759,0.798678,0.125808,0,0,0,0,0
21.7601,0.0788195,1.01062,0,0,0,0.600731,0.799451,0.115287,0,0,0,0,-0.0642984
21.8001,0.0799863,1.01465,0,0,0,0.600731,0.799451,0.104786,0,0,0,0,0
21.8401,0.0812583,1.01908,0,0,0,0.599703,0.800223,0.115359,0,0,0,0,-0.0643387
21.9201,0.0838592,1.02793,0,0,0,0.599703,0.800223,0.11508,0,0,0,0,0.0641829
21.9601,0.0850156,1.03196,0,0,0,0.597642,0.801763,0.104798,0,0,0,0,-0.128587
22,0.0864529,1.03679,0,0,0,0.597642,0.801763,0.12602,0,0,0,0,0
22.04,0.08763,1.04081,0,0,0,0.595578,0.803298,0.104851,0,0,0,0,-0.128651
22.08,0.0890922,1.04562,0,0,0,0.595578,0.803298,0.125869,0,0,0,0,0
22.1201,0.0904211,1.05004,0,0,0,0.594544,0.804063,0.115042,0,0,0,0,-0.0641619
22.1601,0.0916498,1.05405,0,0,0,0.594544,0.804063,0.104836,0,0,0,0,0
22.2,0.0929901,1.05846,0,0,0,0.593509,0.804827,0.11548,0,0,0,0,-0.0644063
22.2401,0.0943417,1.06287,0,0,0,0.592473,0.80559,0.115134,0,0,0,0,-0.0642131
22.2801,0.0957274,1.06727,0,0,0,0.593509,0.804827,0.11527,0,0,0,0,0.0642889
22.3201,0.097079,1.07168,0,0,0,0.592473,0.80559,0.115322,0,0,0,0,-0.064318
22.3601,0.098442,1.07609,0,0,0,0.591437,0.806351,0.115321,0,0,0,0,-0.0643176
22.4,0.0998163,1.08049,0,0,0,0.590399,0.807112,0.115614,0,0,0,0,-0.0644806
22.4801,0.10261,1.08928,0,0,0,0.590399,0.807112,0.125931,0,0,0,0,0
22.5201,0.10388,1.09328,0,0,0,0.590399,0.807112,0.104806,0,0,0,0,0
22.5601,0.105266,1.09768,0,0,0,0.58936,0.80787,0.115316,0,0,0,0,-0.0643145
22.6,0.106546,1.10167,0,0,0,0.58936,0.80787,0.105117,0,0,0,0,0
22.6401,0.107826,1.10567,0,0,0,0.58936,0.80787,0.104554,0,0,0,0,0
22.68,0.109223,1.11006,0,0,0,0.588321,0.808628,0.115599,0,0,0,0,-0.0644725
22.7201,0.110514,1.11405,0,0,0,0.588321,0.808628,0.104584,0,0,0,0,0
22.7601,0.111804,1.11804,0,0,0,0.588321,0.808628,0.104833,0,0,0,0,0
22.8001,0.113095,1.12203,0,0,0,0.588321,0.808628,0.104801,0,0,0,0,0
22.84,0.114385,1.12602,0,0,0,0.588321,0.808628,0.105077,0,0,0,0,0
22.88,0.115676,1.13001,0,0,0,0.588321,0.808628,0.104893,0,0,0,0,0
22.92,0.116966,1.134,0,0,0,0.588321,0.808628,0.10478,0,0,0,0,0
22.96,0.118374,1.13839,0,0,0,0.58728,0.809384,0.115374,0,0,0,0,-0.0643468
23.0801,0.122395,1.15075,0,0,0,0.586239,0.810138,0.115328,0,0,0,0,-0.0643211
23.1201,0.123706,1.15474,0,0,0,0.586239,0.810138,0.104843,0,0,0,0,0
23.1601,0.12516,1.15911,0,0,0,0.58728,0.809384,0.115295,0,0,0,0,0.064303
23.2001,0.12646,1.1631,0,0,0,0.58728,0.809384,0.104854,0,0,0,0,0
23.2401,0.127761,1.16709,0,0,0,0.58728,0.809384,0.104825,0,0,0,0,0
23.2801,0.129322,1.17187,0,0,0,0.58728,0.809384,0.125769,0,0,0,0,0
23.3201,0.130363,1.17506,0,0,0,0.58728,0.809384,0.0838912,0,0,0,0,0
23.3601,0.131924,1.17984,0,0,0,0.58728,0.809384,0.125746,0,0,0,0,0
23.4,0.133224,1.18383,0,0,0,0.58728,0.809384,0.105124,0,0,0,0,0
23.4401,0.134525,1.18782,0,0,0,0.58728,0.809384,0.104587,0,0,0,0,0
23.4801,0.135945,1.19221,0,0,0,0.586239,0.810138,0.115247,0,0,0,0,-0.0642758
23.5201,0.137256,1.19619,0,0,0,0.586239,0.810138,0.104836,0,0,0,0,0
23.6001,0.13987,1.20416,0,0,0,0.586239,0.810138,0.0941144,0,0,0,0,-0.0641543
23.6401,0.141324,1.20853,0,0,0,0.58728,0.809384,0.11546,0,0,0,0,0.0643951
23.6801,0.142743,1.21292,0,0,0,0.586239,0.810138,0.115275,0,0,0,0,-0.0642919
23.72,0.144054,1.21691,0,0,0,0.586239,0.810138,0.105082,0,0,0,0,0
23.76,0.145508,1.22128,0,0,0,0.58728,0.809384,0.115279,0,0,0,0,0.0642938
23.8,0.146927,1.22567,0,0,0,0.586239,0.810138,0.115321,0,0,0,0,-0.0643176
23.8401,0.148238,1.22965,0,0,0,0.586239,0.810138,0.104626,0,0,0,0,0
23.88,0.149549,1.23364,0,0,0,0.586239,0.810138,0.105001,0,0,0,0,0
23.96,0.152445,1.2424,0,0,0,0.586239,0.810138,0.115605,0,0,0,0,0.064476
24,0.153756,1.24638,0,0,0,0.586239,0.810138,0.104825,0,0,0,0,0
24.08,0.156508,1.25474,0,0,0,0.585196,0.810892,0.104775,0,0,0,0,0
24.1601,0.159294,1.2631,0,0,0,0.586239,0.810138,0.115175,0,0,0,0,0.064236
24.2001,0.160605,1.26708,0,0,0,0.586239,0.810138,0.10482,0,0,0,0,0
24.24,0.162035,1.27147,0,0,0,0.585196,0.810892,0.115596,0,0,0,0,-0.0644709
24.28,0.1635,1.27584,0,0,0,0.586239,0.810138,0.115348,0,0,0,0,0.0643322
24.32,0.164671,1.27943,0,0,0,0.585196,0.810892,0.094309,0,0,0,0,-0.064287
24.36,0.166256,1.2842,0,0,0,0.585196,0.810892,0.125812,0,0,0,0,0
24.4,0.167577,1.28818,0,0,0,0.585196,0.810892,0.104828,0,0,0,0,0
24.4401,0.168899,1.29216,0,0,0,0.585196,0.810892,0.104579,0,0,0,0,0
24.48,0.170341,1.29654,0,0,0,0.584153,0.811644,0.115649,0,0,0,0,-0.0645002
24.5201,0.171672,1.30052,0,0,0,0.584153,0.811644,0.10454,0,0,0,0,0
24.56,0.173148,1.30489,0,0,0,0.585196,0.810892,0.115605,0,0,0,0,0.0644756
24.6001,0.174469,1.30887,0,0,0,0.585196,0.810892,0.104535,0,0,0,0,0
24.6801,0.177376,1.31762,0,0,0,0.585196,0.810892,0.125516,0,0,0,0,0
24.7201,0.178697,1.3216,0,0,0,0.585196,0.810892,0.104846,0,0,0,0,0
24.76,0.180019,1.32558,0,0,0,0.585196,0.810892,0.105041,0,0,0,0,0
24.8001,0.181461,1.32996,0,0,0,0.584153,0.811644,0.115083,0,0,0,0,-0.0641845
24.8401,0.182792,1.33394,0,0,0,0.584153,0.811644,0.104811,0,0,0,0,0
24.8801,0.184124,1.33792,0,0,0,0.584153,0.811644,0.10493,0,0,0,0,0
24.9201,0.185455,1.34189,0,0,0,0.584153,0.811644,0.104736,0,0,0,0,0
24.9601,0.186644,1.34548,0,0,0,0.583108,0.812395,0.0943584,0,0,0,0,-0.0643207
25.0001,0.188109,1.34985,0,0,0,0.582063,0.813144,0.115287,0,0,0,0,-0.0642984
25.0401,0.189461,1.35382,0,0,0,0.582063,0.813144,0.104828,0,0,0,0,0
25.08,0.190813,1.35779,0,0,0,0.582063,0.813144,0.105064,0,0,0,0,0
25.1201,0.192165,1.36176,0,0,0,0.582063,0.813144,0.104585,0,0,0,0,0
25.1601,0.193372,1.36533,0,0,0,0.581016,0.813892,0.0943776,0,0,0,0,-0.0643337
25.2401,0.196096,1.37326,0,0,0,0.581016,0.813892,0.104579,0,0,0,0,0
25.2801,0.197459,1.37723,0,0,0,0.581016,0.813892,0.10483,0,0,0,0,0
25.3201,0.198821,1.3812,0,0,0,0.581016,0.813892,0.10483,0,0,0,0,0
25.36,0.200037,1.38477,0,0,0,0.579969,0.814639,0.0945433,0,0,0,0,-0.0644467
25.4001,0.20141,1.38873,0,0,0,0.579969,0.814639,0.104618,0,0,0,0,0
25.4401,0.202782,1.39269,0,0,0,0.579969,0.814639,0.104825,0,0,0,0,0
25.4801,0.204008,1.39626,0,0,0,0.578921,0.815384,0.0943354,0,0,0,0,-0.064305
25.52,0.205517,1.40062,0,0,0,0.577871,0.816128,0.115484,0,0,0,0,-0.0644082
25.5601,0.20678,1.40418,0,0,0,0.578921,0.815384,0.0942242,0,0,0,0,0.0642292
25.6001,0.20829,1.40854,0,0,0,0.577871,0.816128,0.115308,0,0,0,0,-0.0643099
25.6401,0.209682,1.41249,0,0,0,0.577871,0.816128,0.104806,0,0,0,0,0
25.68,0.210927,1.41605,0,0,0,0.576821,0.81687,0.0945337,0,0,0,0,-0.0644401
25.72,0.212329,1.42,0,0,0,0.576821,0.81687,0.104848,0,0,0,0,0
25.8001,0.214986,1.42752,0,0,0,0.57577,0.817612,0.0942343,0,0,0,0,-0.064236
25.8401,0.216399,1.43146,0,0,0,0.57577,0.817612,0.104835,0,0,0,0,0
25.88,0.217942,1.43581,0,0,0,0.574718,0.818352,0.115628,0,0,0,0,-0.0644887
25.92,0.21908,1.43897,0,0,0,0.574718,0.818352,0.0838032,0,0,0,0,0
25.9601,0.220635,1.44331,0,0,0,0.573665,0.81909,0.115077,0,0,0,0,-0.0641814
26,0.221934,1.44685,0,0,0,0.574718,0.818352,0.0945433,0,0,0,0,0.0644467
26.0401,0.223337,1.4508,0,0,0,0.572611,0.819827,0.104629,0,0,0,0,-0.128379
26.08,0.224645,1.45434,0,0,0,0.573665,0.81909,0.0945314,0,0,0,0,0.0644386
26.12,0.22621,1.45868,0,0,0,0.572611,0.819827,0.115293,0,0,0,0,-0.0643019
26.1601,0.227365,1.46183,0,0,0,0.572611,0.819827,0.0836946,0,0,0,0,0
26.2001,0.228788,1.46578,0,0,0,0.5705,0.821298,0.104866,0,0,0,0,-0.12867
26.2401,0.230115,1.46931,0,0,0,0.571556,0.820563,0.0943427,0,0,0,0,0.0643099
26.28,0.231414,1.47285,0,0,0,0.5705,0.821298,0.0945975,0,0,0,0,-0.0644837
26.36,0.234196,1.48032,0,0,0,0.569443,0.822031,0.105027,0,0,0,0,0
26.4001,0.235513,1.48385,0,0,0,0.568385,0.822763,0.0941754,0,0,0,0,-0.0641959
26.4401,0.236839,1.48739,0,0,0,0.567326,0.823493,0.0943539,0,0,0,0,-0.0643176
26.4801,0.238175,1.49092,0,0,0,0.566267,0.824222,0.0943191,0,0,0,0,-0.0642938
26.5201,0.23952,1.49444,0,0,0,0.565206,0.82495,0.094368,0,0,0,0,-0.0643272
26.5601,0.240873,1.49797,0,0,0,0.564144,0.825676,0.0943427,0,0,0,0,-0.0643099
26.6,0.242377,1.50188,0,0,0,0.562018,0.827125,0.105051,0,0,0,0,-0.128896
26.6401,0.243921,1.50578,0,0,0,0.562018,0.827125,0.104605,0,0,0,0,0
26.6801,0.245302,1.50929,0,0,0,0.560954,0.827847,0.094359,0,0,0,0,-0.0643211
26.72,0.246836,1.51319,0,0,0,0.558823,0.829287,0.105003,0,0,0,0,-0.128838
26.76,0.248411,1.51708,0,0,0,0.558823,0.829287,0.104893,0,0,0,0,0
26.8001,0.249818,1.52058,0,0,0,0.557755,0.830005,0.0941894,0,0,0,0,-0.0642055
26.8401,0.251383,1.52447,0,0,0,0.555618,0.831437,0.104736,0,0,0,0,-0.12851
26.9201,0.25425,1.53145,0,0,0,0.553478,0.832864,0.104616,0,0,0,0,-0.128363
27.08,0.260275,1.54575,0,0,0,0.55026,0.834994,0.0840656,0,0,0,0,0
27.2001,0.26508,1.55692,0,0,0,0.547034,0.837111,0.0941424,0,0,0,0,-0.0641734
27.2401,0.266744,1.56077,0,0,0,0.544878,0.838515,0.104841,0,0,0,0,-0.128639
27.28,0.268106,1.56384,0,0,0,0.544878,0.838515,0.0840596,0,0,0,0,0
27.3201,0.26979,1.56768,0,0,0,0.542719,0.839914,0.104595,0,0,0,0,-0.128337
27.3601,0.271332,1.57112,0,0,0,0.541639,0.840611,0.0943281,0,0,0,0,-0.0643
27.4,0.272883,1.57456,0,0,0,0.540557,0.841307,0.0945698,0,0,0,0,-0.0644648
27.48,0.276357,1.58219,0,0,0,0.538391,0.842695,0.0945382,0,0,0,0,-0.0644432
27.5201,0.278119,1.586,0,0,0,0.538391,0.842695,0.104629,0,0,0,0,0
27.56,0.279862,1.58981,0,0,0,0.536221,0.844077,0.105069,0,0,0,0,-0.12892
27.6,0.281457,1.59323,0,0,0,0.535135,0.844766,0.0943376,0,0,0,0,-0.0643065
27.6401,0.283061,1.59665,0,0,0,0.534048,0.845454,0.0941373,0,0,0,0,-0.06417
27.6801,0.284842,1.60045,0,0,0,0.531871,0.846825,0.104799,0,0,0,0,-0.128588
27.7201,0.286472,1.60385,0,0,0,0.530782,0.847509,0.0943635,0,0,0,0,-0.0643241
27.7601,0.288111,1.60725,0,0,0,0.529691,0.848191,0.0943354,0,0,0,0,-0.064305
27.8001,0.289932,1.61103,0,0,0,0.527507,0.84955,0.104838,0,0,0,0,-0.128635
27.8401,0.291404,1.61404,0,0,0,0.52532,0.850905,0.0838557,0,0,0,0,-0.128613
27.8801,0.293283,1.61779,0,0,0,0.52532,0.850905,0.104861,0,0,0,0,0
27.9201,0.294948,1.62118,0,0,0,0.522033,0.852925,0.0943286,0,0,0,0,-0.192901
27.9601,0.296656,1.62454,0,0,0,0.520935,0.853596,0.0943989,0,0,0,0,-0.0643483
28.0401,0.300281,1.63164,0,0,0,0.517638,0.8556,0.104823,0,0,0,0,-0.128617
28.0801,0.301838,1.63461,0,0,0,0.517638,0.8556,0.0838597,0,0,0,0,0
28.1201,0.303765,1.63833,0,0,0,0.515435,0.856929,0.10483,0,0,0,0,-0.128626
28.1601,0.305525,1.64167,0,0,0,0.514332,0.857591,0.0943449,0,0,0,0,-0.0643115
28.2001,0.307293,1.645,0,0,0,0.513229,0.858252,0.0943258,0,0,0,0,-0.0642984
28.2401,0.309259,1.64871,0,0,0,0.511019,0.859569,0.104866,0,0,0,0,-0.12867
28.2801,0.311053,1.65203,0,0,0,0.509913,0.860226,0.0943427,0,0,0,0,-0.0643099
28.3201,0.313047,1.65572,0,0,0,0.507698,0.861535,0.104843,0,0,0,0,-0.128642
28.3601,0.315078,1.65938,0,0,0,0.507698,0.861535,0.104827,0,0,0,0,0
28.4001,0.317091,1.66306,0,0,0,0.50548,0.862838,0.104783,0,0,0,0,-0.128569
28.4401,0.319122,1.66673,0,0,0,0.503259,0.864136,0.104853,0,0,0,0,-0.128654
28.4801,0.320976,1.67002,0,0,0,0.502147,0.864782,0.0943635,0,0,0,0,-0.0643241
28.52,0.323055,1.67366,0,0,0,0.502147,0.864782,0.104946,0,0,0,0,0
28.6001,0.326994,1.68059,0,0,0,0.498806,0.866713,0.0941116,0,0,0,0,-0.0641524
28.6401,0.328881,1.68385,0,0,0,0.497691,0.867354,0.0942882,0,0,0,0,-0.0642728
28.68,0.330978,1.68748,0,0,0,0.495458,0.868632,0.105096,0,0,0,0,-0.128952
28.72,0.332891,1.69074,0,0,0,0.494341,0.869268,0.0943562,0,0,0,0,-0.0643191
28.76,0.334812,1.69399,0,0,0,0.493222,0.869903,0.0943168,0,0,0,0,-0.0642923
28.8,0.33717,1.69795,0,0,0,0.492103,0.870537,0.115359,0,0,0,0,-0.0643387
28.84,0.338885,1.70083,0,0,0,0.489862,0.8718,0.0838492,0,0,0,0,-0.128603
28.88,0.34084,1.70406,0,0,0,0.48874,0.87243,0.0943657,0,0,0,0,-0.0643257
28.92,0.343011,1.70765,0,0,0,0.486494,0.873684,0.104812,0,0,0,0,-0.128604
28.96,0.344991,1.71086,0,0,0,0.48537,0.874309,0.0943686,0,0,0,0,-0.0643276
29,0.346978,1.71407,0,0,0,0.484245,0.874933,0.0944012,0,0,0,0,-0.0643498
29.0401,0.348974,1.71727,0,0,0,0.483119,0.875555,0.0940741,0,0,0,0,-0.0641269
29.08,0.350978,1.72047,0,0,0,0.481992,0.876175,0.0945551,0,0,0,0,-0.0644548
29.1601,0.355233,1.72721,0,0,0,0.478608,0.878029,0.0941659,0,0,0,0,-0.0641894
29.2,0.357505,1.73073,0,0,0,0.478608,0.878029,0.105164,0,0,0,0,0
29.2401,0.359759,1.73427,0,0,0,0.476348,0.879257,0.104537,0,0,0,0,-0.128267
29.2801,0.361812,1.73743,0,0,0,0.475216,0.879869,0.0942859,0,0,0,0,-0.0642713
29.3201,0.363874,1.74059,0,0,0,0.474084,0.88048,0.0943163,0,0,0,0,-0.0642919
29.3601,0.366164,1.74411,0,0,0,0.471817,0.881696,0.104896,0,0,0,0,-0.128707
29.4001,0.36849,1.7476,0,0,0,0.471817,0.881696,0.10483,0,0,0,0,0
29.4401,0.370576,1.75074,0,0,0,0.470683,0.882302,0.0943382,0,0,0,0,-0.0643069
29.4801,0.372669,1.75388,0,0,0,0.469548,0.882907,0.0943894,0,0,0,0,-0.0643418
29.52,0.375238,1.75771,0,0,0,0.468412,0.88351,0.115558,0,0,0,0,-0.0644498
29.56,0.377348,1.76084,0,0,0,0.467275,0.884112,0.0943449,0,0,0,0,-0.0643115
29.6,0.379692,1.76432,0,0,0,0.464999,0.885311,0.104833,0,0,0,0,-0.128629
29.6401,0.381826,1.76743,0,0,0,0.46386,0.885909,0.0941093,0,0,0,0,-0.0641509
29.7201,0.386833,1.77467,0,0,0,0.46272,0.886505,0.115304,0,0,0,0,-0.064308
29.7601,0.388982,1.77778,0,0,0,0.461579,0.887099,0.0943517,0,0,0,0,-0.0643161
29.8,0.39114,1.78087,0,0,0,0.460438,0.887692,0.094484,0,0,0,0,-0.0644063
29.8401,0.393787,1.78465,0,0,0,0.459296,0.888283,0.115149,0,0,0,0,-0.0642215
29.88,0.396444,1.78842,0,0,0,0.458153,0.888874,0.115524,0,0,0,0,-0.0644305
29.92,0.398626,1.7915,0,0,0,0.457009,0.889462,0.0943657,0,0,0,0,-0.0643257
29.96,0.400815,1.79457,0,0,0,0.455865,0.890049,0.0943236,0,0,0,0,-0.0642969
30.0001,0.403501,1.79832,0,0,0,0.454719,0.890635,0.115098,0,0,0,0,-0.0641929
30.0401,0.406197,1.80207,0,0,0,0.453573,0.891219,0.11533,0,0,0,0,-0.0643226
30.0801,0.40841,1.80512,0,0,0,0.452427,0.891802,0.0943258,0,0,0,0,-0.0642984
30.1201,0.410631,1.80817,0,0,0,0.451279,0.892383,0.0943281,0,0,0,0,-0.0643
30.1601,0.413355,1.8119,0,0,0,0.450131,0.892963,0.115313,0,0,0,0,-0.064313
30.2001,0.415849,1.81527,0,0,0,0.450131,0.892963,0.104856,0,0,0,0,0
30.2801,0.420829,1.82201,0,0,0,0.447832,0.894118,0.115284,0,0,0,0,-0.0642969
30.3201,0.423323,1.82539,0,0,0,0.445531,0.895267,0.104806,0,0,0,0,-0.128597
30.36,0.425852,1.82873,0,0,0,0.445531,0.895267,0.104993,0,0,0,0,0
30.4001,0.42812,1.83175,0,0,0,0.444379,0.895839,0.0942219,0,0,0,0,-0.0642276
30.4401,0.430395,1.83476,0,0,0,0.443226,0.89641,0.094359,0,0,0,0,-0.0643211
30.4801,0.432679,1.83776,0,0,0,0.442073,0.896979,0.0943376,0,0,0,0,-0.0643065
30.5201,0.435479,1.84143,0,0,0,0.440919,0.897547,0.115348,0,0,0,0,-0.0643322
30.5601,0.437778,1.84442,0,0,0,0.439764,0.898113,0.094359,0,0,0,0,-0.0643211
30.6001,0.440084,1.84741,0,0,0,0.438608,0.898678,0.0943826,0,0,0,0,-0.0643372
30.6401,0.442647,1.85073,0,0,0,0.436295,0.899804,0.104723,0,0,0,0,-0.128494
30.6801,0.445244,1.85402,0,0,0,0.436295,0.899804,0.104885,0,0,0,0,0
30.7201,0.447574,1.85699,0,0,0,0.435137,0.900364,0.0943309,0,0,0,0,-0.0643019
30.7601,0.450162,1.86029,0,0,0,0.43282,0.901481,0.104856,0,0,0,0,-0.128658
30.84,0.455659,1.86717,0,0,0,0.43166,0.902037,0.115567,0,0,0,0,-0.0644548
30.8801,0.458019,1.87011,0,0,0,0.430499,0.902591,0.0941681,0,0,0,0,-0.064191
30.9201,0.460641,1.87338,0,0,0,0.428176,0.903696,0.104846,0,0,0,0,-0.128645
30.96,0.463553,1.87696,0,0,0,0.427013,0.904246,0.115553,0,0,0,0,-0.0644467
31,0.465943,1.87988,0,0,0,0.425849,0.904794,0.094314,0,0,0,0,-0.0642904
31.04,0.468616,1.88311,0,0,0,0.425849,0.904794,0.104815,0,0,0,0,0
31.08,0.471271,1.88636,0,0,0,0.42352,0.905887,0.104848,0,0,0,0,-0.128648
31.1201,0.473684,1.88926,0,0,0,0.422355,0.906431,0.0941799,0,0,0,0,-0.064199
31.16,0.476642,1.8928,0,0,0,0.421189,0.906973,0.115516,0,0,0,0,-0.0644259
31.2,0.479069,1.89569,0,0,0,0.420022,0.907514,0.0943376,0,0,0,0,-0.0643065
31.2401,0.482045,1.89921,0,0,0,0.418854,0.908054,0.115092,0,0,0,0,-0.0641894
31.28,0.484488,1.90209,0,0,0,0.417686,0.908592,0.0946049,0,0,0,0,-0.0644887
31.32,0.486937,1.90496,0,0,0,0.416517,0.909128,0.094241,0,0,0,0,-0.0642406
31.3601,0.489659,1.90815,0,0,0,0.414177,0.910197,0.104613,0,0,0,0,-0.12836
31.4001,0.49268,1.91163,0,0,0,0.413005,0.910729,0.115345,0,0,0,0,-0.0643306
31.4401,0.49516,1.91448,0,0,0,0.411834,0.911259,0.0943753,0,0,0,0,-0.0643322
31.4801,0.49793,1.91763,0,0,0,0.411834,0.911259,0.104817,0,0,0,0,0
31.52,0.500685,1.92079,0,0,0,0.409488,0.912315,0.104982,0,0,0,0,-0.128813
31.5601,0.503456,1.92394,0,0,0,0.40714,0.913366,0.104741,0,0,0,0,-0.128516
31.6,0.505971,1.92675,0,0,0,0.405965,0.913889,0.0944863,0,0,0,0,-0.0644078
31.64,0.508782,1.92986,0,0,0,0.405965,0.913889,0.104841,0,0,0,0,0
31.6801,0.511866,1.93329,0,0,0,0.404789,0.91441,0.115092,0,0,0,0,-0.0641894
31.72,0.514669,1.93641,0,0,0,0.402435,0.915448,0.105027,0,0,0,0,-0.128867
31.7601,0.517213,1.9392,0,0,0,0.401257,0.915965,0.0942365,0,0,0,0,-0.0642376
31.8,0.519765,1.94198,0,0,0,0.400079,0.916481,0.0944744,0,0,0,0,-0.0643998
31.8401,0.5226,1.94507,0,0,0,0.39772,0.917507,0.104603,0,0,0,0,-0.128347
31.88,0.525466,1.94813,0,0,0,0.39772,0.917507,0.105109,0,0,0,0,0
31.9201,0.528039,1.95089,0,0,0,0.396539,0.918018,0.0940998,0,0,0,0,-0.0641444
31.9601,0.531192,1.95425,0,0,0,0.395358,0.918527,0.115293,0,0,0,0,-0.0643015
32,0.533779,1.957,0,0,0,0.394176,0.919035,0.0945055,0,0,0,0,-0.0644209
32.04,0.536373,1.95974,0,0,0,0.392994,0.919541,0.0943118,0,0,0,0,-0.0642889
32.0801,0.539256,1.96279,0,0,0,0.390627,0.920549,0.104712,0,0,0,0,-0.128481
32.1201,0.542169,1.9658,0,0,0,0.390627,0.920549,0.10482,0,0,0,0,0
32.1601,0.544785,1.96853,0,0,0,0.389443,0.921051,0.0943567,0,0,0,0,-0.0643195
32.2,0.547989,1.97184,0,0,0,0.388258,0.921551,0.115544,0,0,0,0,-0.0644417
32.2401,0.550619,1.97455,0,0,0,0.387072,0.922049,0.0941592,0,0,0,0,-0.0641848
32.2801,0.553255,1.97725,0,0,0,0.385886,0.922547,0.0943421,0,0,0,0,-0.0643096
32.3201,0.556184,1.98025,0,0,0,0.383511,0.923536,0.10483,0,0,0,0,-0.128626
32.3601,0.559143,1.98322,0,0,0,0.383511,0.923536,0.10482,0,0,0,0,0
32.4,0.5618,1.9859,0,0,0,0.382323,0.924029,0.0946122,0,0,0,0,-0.0644937
32.4801,0.567439,1.99153,0,0,0,0.381134,0.92452,0.104816,0,0,0,0,0
32.5201,0.57011,1.9942,0,0,0,0.379945,0.925009,0.0943545,0,0,0,0,-0.064318
32.5601,0.572787,1.99686,0,0,0,0.378755,0.925497,0.0943331,0,0,0,0,-0.0643034
32.6001,0.575471,1.99951,0,0,0,0.377564,0.925984,0.094368,0,0,0,0,-0.0643272
32.6401,0.578162,2.00215,0,0,0,0.376372,0.926468,0.0943731,0,0,0,0,-0.0643306
32.68,0.58086,2.00479,0,0,0,0.37518,0.926952,0.0944959,0,0,0,0,-0.0644144
32.72,0.583873,2.00771,0,0,0,0.37518,0.926952,0.104838,0,0,0,0,0
32.7601,0.586871,2.01064,0,0,0,0.372795,0.927914,0.104657,0,0,0,0,-0.128414
32.8,0.589589,2.01326,0,0,0,0.371601,0.928393,0.0945478,0,0,0,0,-0.0644498
32.8401,0.592624,2.01615,0,0,0,0.371601,0.928393,0.104587,0,0,0,0,0
32.88,0.595644,2.01906,0,0,0,0.369211,0.929346,0.105088,0,0,0,0,-0.128942
32.9201,0.598383,2.02166,0,0,0,0.368016,0.92982,0.0940859,0,0,0,0,-0.0641349
32.9601,0.601128,2.02425,0,0,0,0.366819,0.930292,0.0943826,0,0,0,0,-0.0643372
33.0401,0.607257,2.02997,0,0,0,0.364425,0.931233,0.104744,0,0,0,0,0
33.0801,0.610022,2.03254,0,0,0,0.363227,0.931701,0.0944085,0,0,0,0,-0.0643548
33.1201,0.613094,2.03539,0,0,0,0.360829,0.932632,0.10484,0,0,0,0,-0.128638
33.1601,0.616498,2.03851,0,0,0,0.359629,0.933095,0.115299,0,0,0,0,-0.064305
33.2001,0.619289,2.04105,0,0,0,0.358428,0.933557,0.094359,0,0,0,0,-0.0643211
33.2401,0.622087,2.04358,0,0,0,0.357227,0.934018,0.0943118,0,0,0,0,-0.0642889
33.2801,0.625195,2.0464,0,0,0,0.354823,0.934933,0.104856,0,0,0,0,-0.128658
33.3201,0.628012,2.04891,0,0,0,0.35362,0.935389,0.0943067,0,0,0,0,-0.0642854
33.3601,0.631157,2.05168,0,0,0,0.35362,0.935389,0.104898,0,0,0,0,0
33.4,0.634287,2.05447,0,0,0,0.351213,0.936296,0.105069,0,0,0,0,-0.12892
33.4401,0.637754,2.05751,0,0,0,0.350008,0.936747,0.115059,0,0,0,0,-0.0641715
33.4801,0.64092,2.06026,0,0,0,0.350008,0.936747,0.104804,0,0,0,0,0
33.52,0.644394,2.0633,0,0,0,0.348803,0.937196,0.115574,0,0,0,0,-0.0644582
33.6001,0.650409,2.06852,0,0,0,0.345184,0.938535,0.104883,0,0,0,0,-0.12869
33.6401,0.653915,2.07152,0,0,0,0.343977,0.938978,0.115273,0,0,0,0,-0.0642904
33.68,0.657116,2.07423,0,0,0,0.343977,0.938978,0.105035,0,0,0,0,0
33.72,0.660317,2.07694,0,0,0,0.343977,0.938978,0.104835,0,0,0,0,0
33.7601,0.66383,2.07992,0,0,0,0.342769,0.93942,0.115097,0,0,0,0,-0.0641925
33.8001,0.667024,2.08264,0,0,0,0.340351,0.940299,0.104804,0,0,0,0,-0.128594
33.8401,0.670575,2.08558,0,0,0,0.34156,0.93986,0.115452,0,0,0,0,0.0643902
33.88,0.673776,2.08829,0,0,0,0.339141,0.940736,0.104843,0,0,0,0,-0.128642
33.9201,0.677335,2.09123,0,0,0,0.340351,0.940299,0.115198,0,0,0,0,0.0642487
33.96,0.680543,2.09393,0,0,0,0.337931,0.941171,0.105017,0,0,0,0,-0.128855
34,0.684426,2.09713,0,0,0,0.337931,0.941171,0.125802,0,0,0,0,0
34.0401,0.687648,2.09981,0,0,0,0.335508,0.942037,0.104603,0,0,0,0,-0.128347
34.08,0.691229,2.10272,0,0,0,0.33672,0.941605,0.11559,0,0,0,0,0.0644675
34.1201,0.694472,2.10538,0,0,0,0.33672,0.941605,0.104572,0,0,0,0,0
34.2001,0.701597,2.11124,0,0,0,0.334296,0.942468,0.115308,0,0,0,0,-0.0643099
34.2401,0.705171,2.11415,0,0,0,0.333084,0.942897,0.115333,0,0,0,0,-0.0643241
34.2801,0.708434,2.11679,0,0,0,0.333084,0.942897,0.104828,0,0,0,0,0
34.3201,0.712016,2.11969,0,0,0,0.331871,0.943325,0.115327,0,0,0,0,-0.0643207
34.3601,0.715285,2.12232,0,0,0,0.331871,0.943325,0.104786,0,0,0,0,0
34.4001,0.718874,2.12521,0,0,0,0.330657,0.943751,0.115449,0,0,0,0,-0.0643886
34.4401,0.722806,2.12836,0,0,0,0.330657,0.943751,0.125821,0,0,0,0,0
34.4801,0.726069,2.13099,0,0,0,0.328228,0.944598,0.104626,0,0,0,0,-0.128376
34.5201,0.729695,2.13384,0,0,0,0.329443,0.944175,0.11542,0,0,0,0,0.0643725
34.5601,0.733299,2.13672,0,0,0,0.328228,0.944598,0.115307,0,0,0,0,-0.0643096
34.6001,0.736588,2.13932,0,0,0,0.328228,0.944598,0.10492,0,0,0,0,0
34.6401,0.7402,2.14219,0,0,0,0.327013,0.94502,0.11521,0,0,0,0,-0.0642552
34.72,0.747782,2.14815,0,0,0,0.325797,0.94544,0.12585,0,0,0,0,0
34.7601,0.751072,2.15075,0,0,0,0.323364,0.946275,0.104574,0,0,0,0,-0.128312
34.8,0.754727,2.15356,0,0,0,0.324581,0.945858,0.115631,0,0,0,0,0.0644902
34.8401,0.75836,2.1564,0,0,0,0.323364,0.946275,0.115031,0,0,0,0,-0.0641558
34.88,0.761676,2.15897,0,0,0,0.323364,0.946275,0.105077,0,0,0,0,0
34.92,0.765317,2.1618,0,0,0,0.322147,0.94669,0.115236,0,0,0,0,-0.0642697
34.96,0.769304,2.16487,0,0,0,0.322147,0.94669,0.125868,0,0,0,0,0
35,0.772952,2.16769,0,0,0,0.320929,0.947103,0.115307,0,0,0,0,-0.0643096
35.0401,0.776282,2.17024,0,0,0,0.320929,0.947103,0.104587,0,0,0,0,0
35.08,0.779937,2.17306,0,0,0,0.31971,0.947515,0.11548,0,0,0,0,-0.0644063
35.1202,0.783614,2.17584,0,0,0,0.320929,0.947103,0.114966,0,0,0,0,0.0641192
35.1601,0.787269,2.17865,0,0,0,0.31971,0.947515,0.115445,0,0,0,0,-0.0643867
35.2,0.790931,2.18146,0,0,0,0.318491,0.947926,0.115576,0,0,0,0,-0.0644598
35.2801,0.797616,2.18652,0,0,0,0.318491,0.947926,0.104828,0,0,0,0,0
35.32,0.801627,2.18956,0,0,0,0.318491,0.947926,0.126052,0,0,0,0,0
35.36,0.805297,2.19236,0,0,0,0.317272,0.948335,0.115333,0,0,0,0,-0.0643241
35.4,0.808974,2.19514,0,0,0,0.316051,0.948742,0.115278,0,0,0,0,-0.0642935
35.4401,0.812658,2.19792,0,0,0,0.314831,0.949148,0.115109,0,0,0,0,-0.064199
35.48,0.81602,2.20042,0,0,0,0.314831,0.949148,0.105046,0,0,0,0,0
35.52,0.820054,2.20343,0,0,0,0.314831,0.949148,0.125783,0,0,0,0,0
35.56,0.823745,2.2062,0,0,0,0.31361,0.949552,0.115337,0,0,0,0,-0.064326
35.6001,0.827113,2.20869,0,0,0,0.31361,0.949552,0.104571,0,0,0,0,0
35.6401,0.831155,2.21169,0,0,0,0.31361,0.949552,0.125783,0,0,0,0,0
35.68,0.834854,2.21445,0,0,0,0.312388,0.949955,0.115645,0,0,0,0,-0.0644983
35.72,0.838559,2.21719,0,0,0,0.311166,0.950356,0.115245,0,0,0,0,-0.0642747
35.76,0.84194,2.21967,0,0,0,0.311166,0.950356,0.104893,0,0,0,0,0
35.8401,0.84971,2.22539,0,0,0,0.309943,0.950755,0.115236,0,0,0,0,-0.0642697
35.8801,0.853097,2.22786,0,0,0,0.309943,0.950755,0.104825,0,0,0,0,0
35.9201,0.856817,2.23059,0,0,0,0.30872,0.951153,0.115322,0,0,0,0,-0.064318
36,0.864283,2.236,0,0,0,0.30872,0.951153,0.104825,0,0,0,0,0
36.0401,0.86801,2.23872,0,0,0,0.307496,0.951549,0.115138,0,0,0,0,-0.064215
36.08,0.871743,2.24143,0,0,0,0.306272,0.951944,0.115458,0,0,0,0,-0.0643936
36.1201,0.875149,2.24388,0,0,0,0.306272,0.951944,0.104686,0,0,0,0,0
36.1601,0.879237,2.24681,0,0,0,0.306272,0.951944,0.125771,0,0,0,0,0
36.2,0.882978,2.24951,0,0,0,0.305048,0.952337,0.115628,0,0,0,0,-0.0644887
36.2401,0.88639,2.25195,0,0,0,0.305048,0.952337,0.104548,0,0,0,0,0
36.2801,0.890138,2.25464,0,0,0,0.303822,0.952729,0.11535,0,0,0,0,-0.0643337
36.3201,0.893557,2.25706,0,0,0,0.303822,0.952729,0.104812,0,0,0,0,0
36.4,0.901072,2.26241,0,0,0,0.30137,0.953507,0.115341,0,0,0,0,-0.0643287
36.4401,0.904853,2.26505,0,0,0,0.302597,0.953119,0.115152,0,0,0,0,0.0642231
36.4801,0.90793,2.26724,0,0,0,0.30137,0.953507,0.0943849,0,0,0,0,-0.0643387
36.5201,0.912048,2.27013,0,0,0,0.30137,0.953507,0.125696,0,0,0,0,0
36.5601,0.91548,2.27254,0,0,0,0.30137,0.953507,0.10488,0,0,0,0,0
36.6001,0.918911,2.27495,0,0,0,0.30137,0.953507,0.104807,0,0,0,0,0
36.64,0.922343,2.27736,0,0,0,0.30137,0.953507,0.105074,0,0,0,0,0
36.6801,0.925774,2.27977,0,0,0,0.30137,0.953507,0.104567,0,0,0,0,0
36.72,0.929206,2.28218,0,0,0,0.30137,0.953507,0.105037,0,0,0,0,0
36.76,0.932637,2.28459,0,0,0,0.30137,0.953507,0.104796,0,0,0,0,0
36.8001,0.935731,2.28675,0,0,0,0.302597,0.953119,0.094213,0,0,0,0,0.0642215
36.84,0.93882,2.28892,0,0,0,0.303822,0.952729,0.0945574,0,0,0,0,0.0644563
36.8801,0.942587,2.29158,0,0,0,0.305048,0.952337,0.115068,0,0,0,0,0.0641764
36.9601,0.949085,2.29619,0,0,0,0.306272,0.951944,0.10455,0,0,0,0,0.128283
37,0.95181,2.29815,0,0,0,0.306272,0.951944,0.084041,0,0,0,0,0
37.0401,0.955564,2.30083,0,0,0,0.307496,0.951549,0.115059,0,0,0,0,0.0641715
37.0801,0.958619,2.30304,0,0,0,0.306272,0.951944,0.0943967,0,0,0,0,-0.0643468
37.1201,0.962038,2.30547,0,0,0,0.30872,0.951153,0.104812,0,0,0,0,0.128604
37.1601,0.965432,2.30793,0,0,0,0.30872,0.951153,0.104801,0,0,0,0,0
37.2001,0.968492,2.31014,0,0,0,0.309943,0.950755,0.094359,0,0,0,0,0.0643211
37.2401,0.971879,2.31261,0,0,0,0.309943,0.950755,0.104846,0,0,0,0,0
37.28,0.974934,2.31483,0,0,0,0.311166,0.950356,0.0945551,0,0,0,0,0.0644548
37.32,0.977983,2.31705,0,0,0,0.312388,0.949955,0.0942955,0,0,0,0,0.0642778
37.3601,0.981357,2.31954,0,0,0,0.312388,0.949955,0.104725,0,0,0,0,0
37.4001,0.985077,2.32227,0,0,0,0.31361,0.949552,0.115186,0,0,0,0,0.0642422
37.44,0.988114,2.32451,0,0,0,0.314831,0.949148,0.0945077,0,0,0,0,0.0644224
37.5201,0.994501,2.32927,0,0,0,0.316051,0.948742,0.104811,0,0,0,0,0
37.56,0.997527,2.33153,0,0,0,0.317272,0.948335,0.0945388,0,0,0,0,0.0644436
37.6,1.00088,2.33405,0,0,0,0.317272,0.948335,0.104833,0,0,0,0,0
37.64,1.0039,2.33632,0,0,0,0.318491,0.947926,0.0942882,0,0,0,0,0.0642728
37.6801,1.00691,2.33859,0,0,0,0.31971,0.947515,0.0942365,0,0,0,0,0.0642376
37.7201,1.00992,2.34087,0,0,0,0.320929,0.947103,0.0943303,0,0,0,0,0.0643015
37.76,1.01292,2.34315,0,0,0,0.322147,0.94669,0.0945337,0,0,0,0,0.0644401
37.8,1.01624,2.34571,0,0,0,0.322147,0.94669,0.104848,0,0,0,0,0
37.8401,1.01957,2.34827,0,0,0,0.322147,0.94669,0.10459,0,0,0,0,0
37.8801,1.02256,2.35056,0,0,0,0.323364,0.946275,0.0943686,0,0,0,0,0.0643276
37.9201,1.02589,2.35311,0,0,0,0.325797,0.94544,0.104835,0,0,0,0,0.128632
37.9601,1.02853,2.35518,0,0,0,0.325797,0.94544,0.0838327,0,0,0,0,0
38,1.03218,2.35801,0,0,0,0.327013,0.94502,0.115628,0,0,0,0,0.0644887
38.0801,1.03844,2.36293,0,0,0,0.328228,0.944598,0.0942124,0,0,0,0,0.0642211
38.1201,1.04141,2.36526,0,0,0,0.329443,0.944175,0.0943567,0,0,0,0,0.0643195
38.1601,1.04469,2.36787,0,0,0,0.329443,0.944175,0.104825,0,0,0,0,0
38.2001,1.04799,2.37046,0,0,0,0.331871,0.943325,0.104872,0,0,0,0,0.128677
38.2401,1.05093,2.37283,0,0,0,0.330657,0.943751,0.0943309,0,0,0,0,-0.0643019
38.28,1.05422,2.37543,0,0,0,0.333084,0.942897,0.104964,0,0,0,0,0.12879
38.3201,1.05716,2.37779,0,0,0,0.334296,0.942468,0.0942034,0,0,0,0,0.064215
38.3601,1.06042,2.38043,0,0,0,0.334296,0.942468,0.104848,0,0,0,0,0
38.4001,1.06367,2.38308,0,0,0,0.334296,0.942468,0.10484,0,0,0,0,0
38.4401,1.06661,2.38545,0,0,0,0.335508,0.942037,0.0942483,0,0,0,0,0.0642456
38.48,1.06987,2.38808,0,0,0,0.337931,0.941171,0.105083,0,0,0,0,0.128936
38.52,1.07311,2.39075,0,0,0,0.337931,0.941171,0.104806,0,0,0,0,0
38.5601,1.07634,2.39342,0,0,0,0.337931,0.941171,0.104694,0,0,0,0,0
38.6401,1.08217,2.39821,0,0,0,0.340351,0.940299,0.0943567,0,0,0,0,0.0643195
38.6801,1.08541,2.40088,0,0,0,0.342769,0.93942,0.104846,0,0,0,0,0.128645
38.7201,1.08797,2.40304,0,0,0,0.342769,0.93942,0.0838327,0,0,0,0,0
38.7601,1.09151,2.406,0,0,0,0.343977,0.938978,0.11546,0,0,0,0,0.0643951
38.8001,1.09407,2.40816,0,0,0,0.343977,0.938978,0.0837673,0,0,0,0,0
38.8401,1.0976,2.41114,0,0,0,0.345184,0.938535,0.115325,0,0,0,0,0.0643195
38.8801,1.10048,2.41357,0,0,0,0.346391,0.93809,0.0943449,0,0,0,0,0.0643115
38.9201,1.10335,2.41602,0,0,0,0.347597,0.937644,0.094368,0,0,0,0,0.0643272
38.9601,1.10622,2.41847,0,0,0,0.348803,0.937196,0.0943286,0,0,0,0,0.0643004
39.0001,1.1094,2.42121,0,0,0,0.348803,0.937196,0.104806,0,0,0,0,0
39.0401,1.11258,2.42394,0,0,0,0.351213,0.936296,0.104814,0,0,0,0,0.128606
39.08,1.11574,2.4267,0,0,0,0.351213,0.936296,0.105162,0,0,0,0,0
39.1601,1.12143,2.43165,0,0,0,0.35362,0.935389,0.0943399,0,0,0,0,0.064308
39.2001,1.12427,2.43414,0,0,0,0.354823,0.934933,0.0944395,0,0,0,0,0.0643759
39.2401,1.12773,2.43719,0,0,0,0.356026,0.934476,0.115198,0,0,0,0,0.0642487
39.4401,1.14243,2.45032,0,0,0,0.362028,0.932167,0.104864,0,0,0,0,0.128667
39.48,1.1449,2.45259,0,0,0,0.362028,0.932167,0.0840661,0,0,0,0,0
39.52,1.14801,2.4554,0,0,0,0.364425,0.931233,0.104757,0,0,0,0,0.128536
39.5601,1.15079,2.45796,0,0,0,0.365622,0.930763,0.0941821,0,0,0,0,0.0642005
39.8401,1.17226,2.47797,0,0,0,0.370406,0.92887,0.115089,0,0,0,0,0.0641879
40.2401,1.20357,2.50771,0,0,0,0.371601,0.928393,0.0943281,0,0,0,0,-0.0643
40.4801,1.22328,2.52655,0,0,0,0.372795,0.927914,0.115229,0,0,0,0,-0.0642663
40.64,1.2357,2.53843,0,0,0,0.373988,0.927434,0.115371,0,0,0,0,0.0643452
40.8,1.24869,2.55093,0,0,0,0.372795,0.927914,0.115232,0,0,0,0,-0.0642678
41.04,1.26773,2.56924,0,0,0,0.373988,0.927434,0.10483,0,0,0,0,0
41.2001,1.28042,2.58146,0,0,0,0.373988,0.927434,0.125507,0,0,0,0,0
41.3601,1.29251,2.59308,0,0,0,0.373988,0.927434,0.104806,0,0,0,0,0
41.52,1.3058,2.60588,0,0,0,0.373988,0.927434,0.126007,0,0,0,0,0
41.6801,1.31849,2.6181,0,0,0,0.373988,0.927434,0.104642,0,0,0,0,0
41.84,1.33117,2.63031,0,0,0,0.373988,0.927434,0.126109,0,0,0,0,0
42.0001,1.34386,2.64253,0,0,0,0.373988,0.927434,0.104793,0,0,0,0,0
42.1601,1.35654,2.65475,0,0,0,0.373988,0.927434,0.125846,0,0,0,0,0
42.3201,1.36862,2.66638,0,0,0,0.373988,0.927434,0.104815,0,0,0,0,0
42.4801,1.38101,2.6783,0,0,0,0.372795,0.927914,0.104694,0,0,0,0,0
42.6401,1.39312,2.68991,0,0,0,0.370406,0.92887,0.115229,0,0,0,0,-0.0642663
42.8,1.40559,2.70174,0,0,0,0.371601,0.928393,0.115472,0,0,0,0,0.0644017
42.9601,1.41805,2.7136,0,0,0,0.370406,0.92887,0.115287,0,0,0,0,0.0642984
43.1201,1.42993,2.72483,0,0,0,0.366819,0.930292,0.0941844,0,0,0,0,-0.064202
43.2,1.43605,2.73056,0,0,0,0.366819,0.930292,0.0945744,0,0,0,0,-0.0644679
43.2401,1.43941,2.73372,0,0,0,0.365622,0.930763,0.115049,0,0,0,0,-0.0641654
43.32,1.44586,2.73972,0,0,0,0.364425,0.931233,0.115561,0,0,0,0,-0.0644513
43.3601,1.44924,2.74286,0,0,0,0.363227,0.931701,0.115072,0,0,0,0,-0.0641784
43.4001,1.45294,2.74627,0,0,0,0.363227,0.931701,0.125796,0,0,0,0,0
43.72,1.48245,2.77303,0,0,0,0.354823,0.934933,0.126055,0,0,0,0,0
44.1201,1.52085,2.80618,0,0,0,0.339141,0.940736,0.135987,0,0,0,0,-0.0641749
44.3201,1.54027,2.82218,0,0,0,0.331871,0.943325,0.125765,0,0,0,0,-0.128594
44.4801,1.55533,2.83422,0,0,0,0.327013,0.94502,0.125743,0,0,0,0,0
44.6401,1.57019,2.84586,0,0,0,0.320929,0.947103,0.115273,0,0,0,0,-0.0642904
44.8001,1.58551,2.85758,0,0,0,0.316051,0.948742,0.125664,0,0,0,0,-0.12849
44.9601,1.60129,2.86939,0,0,0,0.309943,0.950755,0.125771,0,0,0,0,-0.1286
45.1201,1.61757,2.88122,0,0,0,0.305048,0.952337,0.125636,0,0,0,0,0
45.2801,1.63294,2.89216,0,0,0,0.298917,0.954279,0.104662,0,0,0,0,-0.12842
45.44,1.64914,2.90338,0,0,0,0.292773,0.956182,0.115264,0,0,0,0,-0.0642858
45.6,1.66548,2.9144,0,0,0,0.286618,0.958045,0.126019,0,0,0,0,-0.128854
45.7601,1.68161,2.92498,0,0,0,0.281685,0.959507,0.115267,0,0,0,0,-0.0642873
45.9201,1.69821,2.93561,0,0,0,0.275508,0.961299,0.125552,0,0,0,0,-0.128376
46.08,1.71494,2.94603,0,0,0,0.271797,0.962355,0.12596,0,0,0,0,0
46.2401,1.73141,2.95606,0,0,0,0.264362,0.964424,0.115388,0,0,0,0,-0.0643548
46.4,1.74801,2.96588,0,0,0,0.259396,0.965771,0.11535,0,0,0,0,-0.0643337
46.56,1.76508,2.97573,0,0,0,0.25318,0.967419,0.115518,0,0,0,0,-0.0644274
46.7201,1.78229,2.98534,0,0,0,0.246953,0.969028,0.115319,0,0,0,0,-0.0643161
46.88,1.7996,2.99475,0,0,0,0.240715,0.970596,0.125903,0,0,0,0,-0.128735
47.04,1.81703,3.00396,0,0,0,0.234468,0.972124,0.126004,0,0,0,0,-0.128839
47.2,1.83421,3.01273,0,0,0,0.229464,0.973317,0.115498,0,0,0,0,-0.0644159
47.24,1.83908,3.01518,0,0,0,0.228212,0.973612,0.136205,0,0,0,0,-0.0642778
47.28,1.84357,3.01744,0,0,0,0.225706,0.974195,0.125865,0,0,0,0,-0.128697
47.32,1.84771,3.01948,0,0,0,0.224453,0.974485,0.115267,0,0,0,0,-0.0642873
47.6001,1.87755,3.03387,0,0,0,0.218181,0.975908,0.115287,0,0,0,0,-0.0642984
48.0001,1.92018,3.05357,0,0,0,0.208128,0.978102,0.115284,0,0,0,0,-0.0642969
48.2,1.94203,3.06325,0,0,0,0.204352,0.978898,0.125834,0,0,0,0,0
48.36,1.95934,3.07076,0,0,0,0.200573,0.979679,0.115402,0,0,0,0,-0.0643625
48.48,1.97169,3.07602,0,0,0,0.198052,0.980192,0.105037,0,0,0,0,0
48.6401,1.9887,3.08316,0,0,0,0.19553,0.980698,0.115333,0,0,0,0,-0.0643241
48.8001,2.00574,3.09023,0,0,0,0.193006,0.981198,0.115192,0,0,0,0,-0.0642452
48.96,2.02243,3.09705,0,0,0,0.191744,0.981445,0.105019,0,0,0,0,0
49.1201,2.03953,3.10399,0,0,0,0.189219,0.981935,0.115045,0,0,0,0,-0.0641635
49.2801,2.05666,3.11084,0,0,0,0.186692,0.982419,0.115296,0,0,0,0,-0.0643034
49.4401,2.07421,3.11776,0,0,0,0.185428,0.982658,0.125768,0,0,0,0,0
49.6,2.09179,3.12463,0,0,0,0.186692,0.982419,0.115256,0,0,0,0,0.0642808
49.8,2.11519,3.13386,0,0,0,0.186692,0.982419,0.125913,0,0,0,0,0
49.9601,2.13352,3.14111,0,0,0,0.187955,0.982178,0.125775,0,0,0,0,0
50.1201,2.15183,3.1484,0,0,0,0.191744,0.981445,0.115051,0,0,0,0,0.0641669
50.3601,2.18054,3.16017,0,0,0,0.196791,0.980445,0.12556,0,0,0,0,0
50.5201,2.19988,3.16827,0,0,0,0.199313,0.979936,0.125809,0,0,0,0,0
50.68,2.21839,3.17617,0,0,0,0.204352,0.978898,0.125796,0,0,0,0,0
50.8401,2.23644,3.18408,0,0,0,0.210643,0.977563,0.125792,0,0,0,0,0.128622
50.9601,2.25058,3.19047,0,0,0,0.216926,0.976188,0.125802,0,0,0,0,0.128632
51.0401,2.26009,3.19488,0,0,0,0.220691,0.975344,0.125818,0,0,0,0,0.128648
51.0801,2.26501,3.19722,0,0,0,0.221945,0.975059,0.136242,0,0,0,0,0.0642954
51.1201,2.26918,3.1992,0,0,0,0.223199,0.974773,0.11533,0,0,0,0,0.0643226
51.1601,2.2741,3.20154,0,0,0,0.226959,0.973904,0.136262,0,0,0,0,0.192915
51.4801,2.31045,3.21978,0,0,0,0.240715,0.970596,0.125793,0,0,0,0,0.128623
51.8401,2.35173,3.24218,0,0,0,0.258154,0.966104,0.125891,0,0,0,0,0.128723
52.0001,2.36988,3.25268,0,0,0,0.265602,0.964083,0.136061,0,0,0,0,0.0642101
52.1601,2.38785,3.26346,0,0,0,0.275508,0.961299,0.146677,0,0,0,0,0.128552
52.3201,2.40491,3.27415,0,0,0,0.282919,0.959144,0.125774,0,0,0,0,0.128603
52.5201,2.42562,3.28768,0,0,0,0.291543,0.956558,0.125821,0,0,0,0,0
52.6801,2.44195,3.29872,0,0,0,0.300144,0.953894,0.125828,0,0,0,0,0.128658
52.84,2.45842,3.31028,0,0,0,0.307496,0.951549,0.115567,0,0,0,0,0.0644548
53.0001,2.47472,3.32209,0,0,0,0.314831,0.949148,0.125664,0,0,0,0,0.128491
53.1601,2.48985,3.33337,0,0,0,0.318491,0.947926,0.115337,0,0,0,0,0.064326
53.32,2.50488,3.34477,0,0,0,0.322147,0.94669,0.115582,0,0,0,0,0.0644629
53.4801,2.51983,3.35629,0,0,0,0.323364,0.946275,0.125545,0,0,0,0,0
53.6401,2.53408,3.36734,0,0,0,0.324581,0.945858,0.115328,0,0,0,0,0.0643211
53.8001,2.54797,3.37816,0,0,0,0.324581,0.945858,0.115203,0,0,0,0,-0.0642517
53.96,2.56154,3.38873,0,0,0,0.325797,0.94544,0.104901,0,0,0,0,0
54.1201,2.57507,3.39932,0,0,0,0.327013,0.94502,0.104927,0,0,0,0,0
54.28,2.58827,3.40968,0,0,0,0.327013,0.94502,0.0943612,0,0,0,0,0.0643226
54.4401,2.60179,3.42029,0,0,0,0.328228,0.944598,0.104993,0,0,0,0,0.128826
54.6001,2.61529,3.43094,0,0,0,0.327013,0.94502,0.104825,0,0,0,0,0
54.76,2.62912,3.44185,0,0,0,0.327013,0.94502,0.115325,0,0,0,0,-0.0643195
54.8001,2.63209,3.44417,0,0,0,0.328228,0.944598,0.0940439,0,0,0,0,0.0641063
54.8801,2.639,3.44963,0,0,0,0.327013,0.94502,0.104722,0,0,0,0,0
54.92,2.64229,3.45223,0,0,0,0.327013,0.94502,0.104988,0,0,0,0,0
54.9601,2.64526,3.45455,0,0,0,0.328228,0.944598,0.094227,0,0,0,0,0.0642311
55,2.64855,3.45715,0,0,0,0.328228,0.944598,0.104995,0,0,0,0,0
55.2801,2.67153,3.47542,0,0,0,0.330657,0.943751,0.104933,0,0,0,0,0
55.6401,2.70508,3.50194,0,0,0,0.320929,0.947103,0.115264,0,0,0,0,-0.0642858
55.8401,2.72408,3.51645,0,0,0,0.314831,0.949148,0.125822,0,0,0,0,-0.128652
56,2.74022,3.52847,0,0,0,0.307496,0.951549,0.136194,0,0,0,0,-0.192818
56.2001,2.76068,3.54311,0,0,0,0.297689,0.954663,0.125772,0,0,0,0,-0.128601
56.3601,2.77762,3.55473,0,0,0,0.289081,0.957305,0.136242,0,0,0,0,-0.0642954
56.5201,2.79476,3.56606,0,0,0,0.27798,0.960587,0.125815,0,0,0,0,-0.128645
56.6801,2.81251,3.57723,0,0,0,0.268081,0.963396,0.125906,0,0,0,0,-0.128738
56.8401,2.83012,3.58781,0,0,0,0.259396,0.965771,0.12579,0,0,0,0,-0.12862
57.0001,2.84829,3.59827,0,0,0,0.249445,0.968389,0.1258,0,0,0,0,-0.12863
57.16,2.86666,3.60837,0,0,0,0.239467,0.970905,0.13645,0,0,0,0,-0.193181
57.3201,2.88487,3.6179,0,0,0,0.230715,0.973021,0.125595,0,0,0,0,-0.12842
57.4801,2.90324,3.62709,0,0,0,0.221945,0.975059,0.125516,0,0,0,0,-0.12834
57.6401,2.92216,3.63612,0,0,0,0.214414,0.976743,0.136021,0,0,0,0,-0.064191
57.8001,2.94008,3.64432,0,0,0,0.208128,0.978102,0.115115,0,0,0,0,-0.0642024
57.9601,2.95694,3.65181,0,0,0,0.203092,0.97916,0.115014,0,0,0,0,-0.0641463
58.12,2.97388,3.65913,0,0,0,0.198052,0.980192,0.115527,0,0,0,0,-0.0644324
58.28,2.99168,3.66656,0,0,0,0.193006,0.981198,0.125777,0,0,0,0,0
58.4401,3.00878,3.6735,0,0,0,0.187955,0.982178,0.10484,0,0,0,0,0
58.6001,3.02553,3.68016,0,0,0,0.184164,0.982896,0.104535,0,0,0,0,-0.128264
58.6401,3.02944,3.68168,0,0,0,0.184164,0.982896,0.104702,0,0,0,0,0
58.7201,3.03805,3.685,0,0,0,0.184164,0.982896,0.115362,0,0,0,0,0.0643402
58.76,3.04195,3.68654,0,0,0,0.181635,0.983366,0.105056,0,0,0,0,-0.128903
58.8001,3.04626,3.68818,0,0,0,0.1829,0.983132,0.115042,0,0,0,0,0.0641619
58.8401,3.05017,3.68969,0,0,0,0.1829,0.983132,0.104861,0,0,0,0,0
59.1201,3.07952,3.70099,0,0,0,0.186692,0.982419,0.115232,0,0,0,0,0.0642678
59.52,3.12643,3.7203,0,0,0,0.208128,0.978102,0.136351,0,0,0,0,0.0643468
59.72,3.14973,3.73085,0,0,0,0.219436,0.975627,0.136275,0,0,0,0,0.0643111
59.8801,3.16865,3.73989,0,0,0,0.231967,0.972724,0.136245,0,0,0,0,0.192891
60.04,3.18773,3.74955,0,0,0,0.240715,0.970596,0.146652,0,0,0,0,0.128529
60.2,3.20588,3.75918,0,0,0,0.251935,0.967744,0.125771,0,0,0,0,0.2572
60.3601,3.22416,3.76944,0,0,0,0.259396,0.965771,0.136286,0,0,0,0,0.0643161
60.5201,3.24263,3.78022,0,0,0,0.270559,0.962704,0.125796,0,0,0,0,0.128626
60.64,3.25658,3.78875,0,0,0,0.276744,0.960944,0.136559,0,0,0,0,0.0644451
60.8,3.2729,3.79904,0,0,0,0.284152,0.958779,0.115275,0,0,0,0,0.0642919
60.9601,3.28975,3.81004,0,0,0,0.291543,0.956558,0.125795,0,0,0,0,0.128625
61.1201,3.30644,3.82129,0,0,0,0.298917,0.954279,0.115131,0,0,0,0,0.0642116
61.2801,3.32296,3.8328,0,0,0,0.306272,0.951944,0.125718,0,0,0,0,0.128546
61.4401,3.33895,3.84431,0,0,0,0.312388,0.949955,0.125792,0,0,0,0,0.128622
61.64,3.35818,3.85851,0,0,0,0.318491,0.947926,0.115221,0,0,0,0,0.0642617
61.8001,3.37289,3.86964,0,0,0,0.318491,0.947926,0.12548,0,0,0,0,0
61.9201,3.38358,3.87775,0,0,0,0.320929,0.947103,0.104816,0,0,0,0,0
62.0801,3.39823,3.88897,0,0,0,0.323364,0.946275,0.115319,0,0,0,0,0.0643161
62.2001,3.40851,3.89692,0,0,0,0.324581,0.945858,0.104581,0,0,0,0,0
62.36,3.42304,3.90829,0,0,0,0.327013,0.94502,0.115322,0,0,0,0,-0.064318
62.4801,3.43391,3.91685,0,0,0,0.328228,0.944598,0.125869,0,0,0,0,0
62.5201,3.43722,3.91943,0,0,0,0.330657,0.943751,0.104754,0,0,0,0,0.128533
62.6001,3.44377,3.92466,0,0,0,0.330657,0.943751,0.0941329,0,0,0,0,0.0641669
62.6401,3.44771,3.9278,0,0,0,0.330657,0.943751,0.125815,0,0,0,0,0
62.6801,3.45098,3.93042,0,0,0,0.330657,0.943751,0.10483,0,0,0,0,0
62.8001,3.46147,3.93879,0,0,0,0.333084,0.942897,0.115157,0,0,0,0,0.0642261
63.16,3.49279,3.96408,0,0,0,0.337931,0.941171,0.104785,0,0,0,0,0.128571
63.36,3.50995,3.9782,0,0,0,0.339141,0.940736,0.105132,0,0,0,0,0
63.5201,3.52416,3.98997,0,0,0,0.339141,0.940736,0.115192,0,0,0,0,-0.0642452
63.6801,3.53771,4.00122,0,0,0,0.339141,0.940736,0.104841,0,0,0,0,0
63.8801,3.55514,4.01567,0,0,0,0.34156,0.93986,0.115293,0,0,0,0,0.0643019
64.0401,3.56865,4.02697,0,0,0,0.339141,0.940736,0.104809,0,0,0,0,0
64.24,3.58771,4.04274,0,0,0,0.335508,0.942037,0.115291,0,0,0,0,-0.0643004
64.44,3.6072,4.05865,0,0,0,0.330657,0.943751,0.125819,0,0,0,0,-0.128649
64.64,3.62786,4.07511,0,0,0,0.324581,0.945858,0.136673,0,0,0,0,-0.0644987
64.8001,3.64411,4.08769,0,0,0,0.320929,0.947103,0.125831,0,0,0,0,0
64.9601,3.66079,4.10039,0,0,0,0.31361,0.949552,0.136089,0,0,0,0,-0.0642231
65.12,3.6773,4.11263,0,0,0,0.309943,0.950755,0.115498,0,0,0,0,-0.0644159
65.2801,3.69461,4.12518,0,0,0,0.303822,0.952729,0.1363,0,0,0,0,-0.0643226
65.4401,3.71103,4.13681,0,0,0,0.298917,0.954279,0.115304,0,0,0,0,-0.064308
65.6001,3.72826,4.14876,0,0,0,0.294003,0.955805,0.125787,0,0,0,0,-0.128617
65.7601,3.74492,4.16006,0,0,0,0.286618,0.958045,0.12573,0,0,0,0,-0.128558
65.9201,3.7614,4.17087,0,0,0,0.28045,0.959869,0.115325,0,0,0,0,-0.0643195
66.08,3.77839,4.18165,0,0,0,0.273034,0.962004,0.136638,0,0,0,0,-0.0644821
66.2401,3.79483,4.19174,0,0,0,0.265602,0.964083,0.115354,0,0,0,0,-0.0643356
66.32,3.80347,4.19691,0,0,0,0.263121,0.964763,0.11548,0,0,0,0,-0.0644063
66.3601,3.80779,4.19949,0,0,0,0.260638,0.965437,0.125501,0,0,0,0,-0.128324
66.4001,3.81212,4.20204,0,0,0,0.258154,0.966104,0.125932,0,0,0,0,-0.128765
66.4401,3.81612,4.20435,0,0,0,0.256911,0.966435,0.115341,0,0,0,0,-0.0643287
66.6001,3.83432,4.21475,0,0,0,0.249445,0.968389,0.146615,0,0,0,0,-0.128497
67.0001,3.87684,4.2375,0,0,0,0.233218,0.972425,0.115295,0,0,0,0,-0.064303
67.2801,3.90568,4.25202,0,0,0,0.226959,0.973904,0.104757,0,0,0,0,0
67.4401,3.92224,4.26014,0,0,0,0.224453,0.974485,0.125752,0,0,0,0,0
67.64,3.94225,4.26982,0,0,0,0.220691,0.975344,0.115229,0,0,0,0,-0.0642663
67.8401,3.96231,4.27938,0,0,0,0.216926,0.976188,0.104833,0,0,0,0,-0.128629
68.1201,3.9908,4.29269,0,0,0,0.213157,0.977018,0.115345,0,0,0,0,-0.0643306
68.3201,4.01177,4.3023,0,0,0,0.209385,0.977833,0.115302,0,0,0,0,-0.0643065
68.48,4.02821,4.30971,0,0,0,0.208128,0.978102,0.115144,0,0,0,0,-0.0642185
68.6401,4.04468,4.31704,0,0,0,0.206869,0.978369,0.125736,0,0,0,0,0
68.8001,4.06156,4.32448,0,0,0,0.201833,0.97942,0.115183,0,0,0,0,-0.0642406
68.9601,4.07811,4.33164,0,0,0,0.200573,0.979679,0.115291,0,0,0,0,-0.0643004
69.1601,4.09816,4.3402,0,0,0,0.200573,0.979679,0.10484,0,0,0,0,0
69.4001,4.12169,4.35023,0,0,0,0.201833,0.97942,0.0943871,0,0,0,0,0.0643402
69.5601,4.1371,4.35686,0,0,0,0.201833,0.97942,0.104783,0,0,0,0,0
69.7201,4.15173,4.36318,0,0,0,0.201833,0.97942,0.104793,0,0,0,0,0
69.8801,4.16636,4.36949,0,0,0,0.201833,0.97942,0.094213,0,0,0,0,-0.0642215
70.0801,4.18523,4.37763,0,0,0,0.203092,0.97916,0.104595,0,0,0,0,0
70.16,4.19331,4.38112,0,0,0,0.204352,0.978898,0.115556,0,0,0,0,0.0644482
70.2801,4.20408,4.38581,0,0,0,0.204352,0.978898,0.0838767,0,0,0,0,0
70.3201,4.20831,4.38764,0,0,0,0.205611,0.978634,0.115293,0,0,0,0,0.0643015
70.36,4.21176,4.38917,0,0,0,0.204352,0.978898,0.0945343,0,0,0,0,-0.0644405
71.0801,4.27963,4.4192,0,0,0,0.210643,0.977563,0.0943731,0,0,0,0,0.0643306
71.4801,4.31627,4.43587,0,0,0,0.213157,0.977018,0.0942668,0,0,0,0,-0.0642582
71.6001,4.32732,4.44094,0,0,0,0.214414,0.976743,0.104898,0,0,0,0,0
71.6801,4.33418,4.4441,0,0,0,0.214414,0.976743,0.0838662,0,0,0,0,0
71.76,4.34179,4.44762,0,0,0,0.214414,0.976743,0.10509,0,0,0,0,0
71.8401,4.34903,4.45095,0,0,0,0.21567,0.976466,0.104749,0,0,0,0,0
71.9601,4.35929,4.45572,0,0,0,0.216926,0.976188,0.0838642,0,0,0,0,0
72.0801,4.36955,4.46052,0,0,0,0.218181,0.975908,0.0838642,0,0,0,0,0
72.2,4.38055,4.4657,0,0,0,0.219436,0.975627,0.104963,0,0,0,0,0
72.3201,4.39154,4.47091,0,0,0,0.220691,0.975344,0.10459,0,0,0,0,0
72.44,4.40327,4.47652,0,0,0,0.221945,0.975059,0.105041,0,0,0,0,0
72.5201,4.41083,4.48015,0,0,0,0.224453,0.974485,0.104861,0,0,0,0,0
72.6401,4.4229,4.486,0,0,0,0.226959,0.973904,0.115131,0,0,0,0,0.0642116
72.76,4.43418,4.49157,0,0,0,0.229464,0.973317,0.115463,0,0,0,0,0.0643967
72.8801,4.44545,4.49717,0,0,0,0.231967,0.972724,0.104846,0,0,0,0,0.128645
73.0001,4.45668,4.50282,0,0,0,0.234468,0.972124,0.104568,0,0,0,0,0.128305
73.0801,4.46377,4.50646,0,0,0,0.235719,0.971821,0.104791,0,0,0,0,0
73.2001,4.47458,4.51203,0,0,0,0.239467,0.970905,0.0943236,0,0,0,0,0.0642969
73.3201,4.48573,4.51786,0,0,0,0.241964,0.970285,0.104843,0,0,0,0,0.128642
73.4401,4.49647,4.52356,0,0,0,0.245706,0.969344,0.104822,0,0,0,0,0.128616
73.5601,4.50679,4.52915,0,0,0,0.248199,0.968709,0.0943539,0,0,0,0,0.0643176
73.68,4.51745,4.535,0,0,0,0.251935,0.967744,0.0945529,0,0,0,0,0.0644532
73.8001,4.52771,4.54072,0,0,0,0.254424,0.967093,0.0839162,0,0,0,0,0
73.8801,4.53465,4.54463,0,0,0,0.258154,0.966104,0.0942012,0,0,0,0,0.0642135
74.0001,4.54518,4.55071,0,0,0,0.26188,0.965101,0.104571,0,0,0,0,0
74.0401,4.54844,4.55261,0,0,0,0.263121,0.964763,0.0943567,0,0,0,0,0.0643195
74.0801,4.55242,4.55494,0,0,0,0.264362,0.964424,0.115322,0,0,0,0,0.064318
74.1201,4.55567,4.55685,0,0,0,0.265602,0.964083,0.0943326,0,0,0,0,0.064303
74.2401,4.56576,4.56286,0,0,0,0.270559,0.962704,0.0941704,0,0,0,0,0.0641925
74.64,4.59926,4.58364,0,0,0,0.282919,0.959144,0.0946213,0,0,0,0,0.0644998
74.8401,4.61615,4.59458,0,0,0,0.28785,0.957676,0.0941866,0,0,0,0,0.0642036
75.0001,4.62873,4.60292,0,0,0,0.292773,0.956182,0.0941519,0,0,0,0,0.0641799
75.2001,4.64538,4.61423,0,0,0,0.297689,0.954663,0.0943236,0,0,0,0,0.0642969
75.3601,4.65882,4.62355,0,0,0,0.30137,0.953507,0.104827,0,0,0,0,0
75.5201,4.67183,4.63275,0,0,0,0.306272,0.951944,0.104825,0,0,0,0,0
75.68,4.68476,4.64206,0,0,0,0.311166,0.950356,0.0945337,0,0,0,0,0.0644401
75.8401,4.69759,4.65151,0,0,0,0.316051,0.948742,0.0942623,0,0,0,0,0.0642552
76,4.70998,4.66084,0,0,0,0.322147,0.94669,0.0945292,0,0,0,0,0.0644371
76.1601,4.72259,4.67058,0,0,0,0.327013,0.94502,0.0943045,0,0,0,0,0.0642839
76.3201,4.7351,4.68045,0,0,0,0.334296,0.942468,0.0942388,0,0,0,0,0.0642391
76.48,4.74813,4.69102,0,0,0,0.339141,0.940736,0.104814,0,0,0,0,0.128606
76.7601,4.76963,4.7091,0,0,0,0.347597,0.937644,0.104972,0,0,0,0,0
76.9201,4.782,4.7198,0,0,0,0.35362,0.935389,0.0943073,0,0,0,0,0.0642858
77.0801,4.79426,4.73061,0,0,0,0.359629,0.933095,0.104848,0,0,0,0,0.128648
77.2401,4.80637,4.74161,0,0,0,0.363227,0.931701,0.104791,0,0,0,0,0
77.4001,4.81777,4.75213,0,0,0,0.369211,0.929346,0.0942455,0,0,0,0,0.0642437
77.5601,4.82935,4.76308,0,0,0,0.373988,0.927434,0.0943354,0,0,0,0,0.064305
77.7201,4.84083,4.77413,0,0,0,0.378755,0.925497,0.104825,0,0,0,0,0.128619
77.7601,4.84353,4.77677,0,0,0,0.379945,0.925009,0.0943641,0,0,0,0,0.0643245
77.8001,4.84652,4.7797,0,0,0,0.382323,0.924029,0.104835,0,0,0,0,0.128632
77.84,4.84949,4.78266,0,0,0,0.382323,0.924029,0.105048,0,0,0,0,0
77.8801,4.85247,4.78561,0,0,0,0.384699,0.923042,0.104579,0,0,0,0,0.128318
78.48,4.89456,4.82948,0,0,0,0.404789,0.91441,0.0945343,0,0,0,0,0.0644405
78.9201,4.92459,4.86338,0,0,0,0.421189,0.906973,0.10481,0,0,0,0,0.128601
79.1201,4.93783,4.87909,0,0,0,0.427013,0.904246,0.0943376,0,0,0,0,0.0643065
79.2801,4.94741,4.89076,0,0,0,0.429338,0.903144,0.0943826,0,0,0,0,0.0643372
79.44,4.9564,4.90182,0,0,0,0.429338,0.903144,0.094413,0,0,0,0,-0.0643579
79.6401,4.9675,4.91549,0,0,0,0.43166,0.902037,0.0839227,0,0,0,0,0
79.8001,4.97696,4.92725,0,0,0,0.43166,0.902037,0.0940881,0,0,0,0,-0.0641364
79.96,4.98616,4.93869,0,0,0,0.435137,0.900364,0.0943286,0,0,0,0,0.0643004
80.1201,4.99529,4.95018,0,0,0,0.436295,0.899804,0.0942764,0,0,0,0,0.0642647
80.2401,5.00177,4.95842,0,0,0,0.435137,0.900364,0.0943612,0,0,0,0,-0.0643226
80.4001,5.00985,4.96861,0,0,0,0.433979,0.900923,0.0732362,0,0,0,0,-0.064186
80.6,5.01849,4.97942,0,0,0,0.430499,0.902591,0.0734324,0,0,0,0,-0.0643579
80.76,5.02508,4.98757,0,0,0,0.429338,0.903144,0.0630413,0,0,0,0,0
80.92,5.03145,4.99536,0,0,0,0.427013,0.904246,0.0629484,0,0,0,0,0
81.08,5.03838,5.00378,0,0,0,0.424685,0.905341,0.0735446,0,0,0,0,-0.0644563
81.24,5.04455,5.01118,0,0,0,0.42352,0.905887,0.0524007,0,0,0,0,0.0642954
81.4001,5.05128,5.01922,0,0,0,0.420022,0.907514,0.0734105,0,0,0,0,-0.0643387
81.52,5.05589,5.02466,0,0,0,0.418854,0.908054,0.0630085,0,0,0,0,0
81.56,5.05753,5.02657,0,0,0,0.418854,0.908054,0.0629263,0,0,0,0,0
81.6001,5.05888,5.02817,0,0,0,0.417686,0.908592,0.0522973,0,0,0,0,-0.0641684
81.64,5.06052,5.03008,0,0,0,0.417686,0.908592,0.0630194,0,0,0,0,0
82.4001,5.09059,5.0645,0,0,0,0.409488,0.912315,0.0419383,0,0,0,0,0
82.8,5.10286,5.07828,0,0,0,0.409488,0.912315,0.0419561,0,0,0,0,0
83,5.10871,5.08486,0,0,0,0.410661,0.911788,0.0419268,0,0,0,0,0
83.1601,5.11343,5.0902,0,0,0,0.411834,0.911259,0.0418192,0,0,0,0,0
83.3201,5.11842,5.09587,0,0,0,0.414177,0.910197,0.0523026,0,0,0,0,0.0641749
83.48,5.12338,5.10155,0,0,0,0.414177,0.910197,0.0525256,0,0,0,0,0.0644486
83.64,5.12834,5.10724,0,0,0,0.414177,0.910197,0.0419121,0,0,0,0,0
83.8001,5.13303,5.11262,0,0,0,0.415347,0.909663,0.0419226,0,0,0,0,0
83.9601,5.13796,5.11833,0,0,0,0.415347,0.909663,0.0524217,0,0,0,0,-0.0643211
84.1201,5.1429,5.12403,0,0,0,0.417686,0.908592,0.0524057,0,0,0,0,0.0643015
84.28,5.14727,5.12912,0,0,0,0.417686,0.908592,0.0420192,0,0,0,0,0
84.4401,5.15218,5.13486,0,0,0,0.420022,0.907514,0.0524035,0,0,0,0,0.0642988
84.6001,5.15708,5.1406,0,0,0,0.420022,0.907514,0.0522768,0,0,0,0,0.0641433
84.76,5.16088,5.14507,0,0,0,0.422355,0.906431,0.010483,0,0,0,0,0.0643126
84.9201,5.16007,5.14411,0,0,0,0.421189,0.906973,-0.020967,0,0,0,0,0
85.1201,5.15953,5.14347,0,0,0,0.421189,0.906973,0,0,0,0,0,0
85.28,5.15953,5.14347,0,0,0,0.421189,0.906973,0,0,0,0,0,0
85.3201,5.15953,5.14347,0,0,0,0.421189,0.906973,0,0,0,0,0,0
85.4001,5.15953,5.14347,0,0,0,0.421189,0.906973,0,0,0,0,0,0
86.1601,5.15953,5.14347,0,0,0,0.421189,0.906973,0,0,0,0,0,0
86.5601,5.15953,5.14347,0,0,0,0.421189,0.906973,0,0,0,0,0,0
86.7601,5.15953,5.14347,0,0,0,0.421189,0.906973,0,0,0,0,0,0
86.9201,5.15953,5.14347,0,0,0,0.421189,0.906973,0,0,0,0,0,0
87.0801,5.15953,5.14347,0,0,0,0.421189,0.906973,0,0,0,0,0,0
87.24,5.15953,5.14347,0,0,0,0.421189,0.906973,0,0,0,0,0,0
87.4,5.15953,5.14347,0,0,0,0.421189,0.906973,0,0,0,0,0,0
87.5601,5.15953,5.14347,0,0,0,0.421189,0.906973,0,0,0,0,0,0
87.8,5.15953,5.14347,0,0,0,0.421189,0.906973,0,0,0,0,0,0
87.9601,5.15953,5.14347,0,0,0,0.421189,0.906973,0,0,0,0,0,0
88.1201,5.15953,5.14347,0,0,0,0.421189,0.906973,0,0,0,0,0,0
88.2801,5.15953,5.14347,0,0,0,0.421189,0.906973,0,0,0,0,0,0
88.4401,5.15953,5.14347,0,0,0,0.421189,0.906973,0,0,0,0,0,0
88.6001,5.15953,5.14347,0,0,0,0.421189,0.906973,0,0,0,0,0,0
88.7601,5.15953,5.14347,0,0,0,0.421189,0.906973,0,0,0,0,0,0
88.92,5.15953,5.14347,0,0,0,0.421189,0.906973,0,0,0,0,0,0
89.0401,5.15953,5.14347,0,0,0,0.421189,0.906973,0,0,0,0,0,0
89.0801,5.15953,5.14347,0,0,0,0.421189,0.906973,0,0,0,0,0,0
89.12,5.15953,5.14347,0,0,0,0.421189,0.906973,0,0,0,0,0,0
89.1601,5.15953,5.14347,0,0,0,0.421189,0.906973,0,0,0,0,0,0
89.2401,5.15953,5.14347,0,0,0,0.421189,0.906973,0,0,0,0,0,0
89.6401,5.15953,5.14347,0,0,0,0.421189,0.906973,0,0,0,0,0,0
89.8401,5.15953,5.14347,0,0,0,0.421189,0.906973,0,0,0,0,0,0
90.0401,5.15953,5.14347,0,0,0,0.421189,0.906973,0,0,0,0,0,0
90.1601,5.15953,5.14347,0,0,0,0.421189,0.906973,0,0,0,0,0,0
90.3201,5.15953,5.14347,0,0,0,0.421189,0.906973,0,0,0,0,0,0
90.4801,5.15953,5.14347,0,0,0,0.421189,0.906973,0,0,0,0,0,0
90.6401,5.15953,5.14347,0,0,0,0.421189,0.906973,0,0,0,0,0,0
90.8001,5.15953,5.14347,0,0,0,0.421189,0.906973,0,0,0,0,0,0
90.96,5.15953,5.14347,0,0,0,0.421189,0.906973,0,0,0,0,0,0
91.1201,5.15953,5.14347,0,0,0,0.421189,0.906973,0,0,0,0,0,0
91.28,5.15953,5.14347,0,0,0,0.421189,0.906973,0,0,0,0,0,0
91.4401,5.15953,5.14347,0,0,0,0.421189,0.906973,0,0,0,0,0,0
91.5601,5.15953,5.14347,0,0,0,0.421189,0.906973,0,0,0,0,0,0
91.7201,5.15953,5.14347,0,0,0,0.421189,0.906973,0,0,0,0,0,0
91.8801,5.15953,5.14347,0,0,0,0.421189,0.906973,0,0,0,0,0,0
92.0401,5.1598,5.14379,0,0,0,0.420022,0.907514,0,0,0,0,0,0
92.2,5.15953,5.14347,0,0,0,0.421189,0.906973,-0.0104987,0,0,0,0,0.0644094
92.3601,5.15953,5.14347,0,0,0,0.421189,0.906973,0,0,0,0,0,0
92.5201,5.15953,5.14347,0,0,0,0.421189,0.906973,0,0,0,0,0,0
92.6801,5.15953,5.14347,0,0,0,0.421189,0.906973,0,0,0,0,0,0
92.8,5.15953,5.14347,0,0,0,0.421189,0.906973,0,0,0,0,0,0
92.84,5.15953,5.14347,0,0,0,0.421189,0.906973,0,0,0,0,0,0
92.88,5.15953,5.14347,0,0,0,0.421189,0.906973,0,0,0,0,0,0
92.92,5.15953,5.14347,0,0,0,0.421189,0.906973,0,0,0,0,0,0
93.5201,5.15953,5.14347,0,0,0,0.421189,0.906973,0,0,0,0,0,0
93.92,5.15953,5.14347,0,0,0,0.421189,0.906973,0,0,0,0,0,0
94.0801,5.15953,5.14347,0,0,0,0.421189,0.906973,0,0,0,0,0,0
94.2401,5.15953,5.14347,0,0,0,0.421189,0.906973,0,0,0,0,0,0
94.4001,5.15953,5.14347,0,0,0,0.421189,0.906973,0,0,0,0,0,0
94.5601,5.15953,5.14347,0,0,0,0.421189,0.906973,0,0,0,0,0,0
94.72,5.15953,5.14347,0,0,0,0.421189,0.906973,0,0,0,0,0,0
94.8801,5.15953,5.14347,0,0,0,0.421189,0.906973,0,0,0,0,0,0
95.04,5.15953,5.14347,0,0,0,0.421189,0.906973,0,0,0,0,0,0
95.2001,5.15953,5.14347,0,0,0,0.421189,0.906973,0,0,0,0,0,0
95.3601,5.15953,5.14347,0,0,0,0.421189,0.906973,0,0,0,0,0,0
95.5201,5.15953,5.14347,0,0,0,0.421189,0.906973,0,0,0,0,0,0
95.6801,5.15953,5.14347,0,0,0,0.421189,0.906973,0,0,0,0,0,0
95.8401,5.15953,5.14347,0,0,0,0.421189,0.906973,0,0,0,0,0,0
96.0001,5.15953,5.14347,0,0,0,0.421189,0.906973,0,0,0,0,0,0
96.1601,5.15953,5.14347,0,0,0,0.421189,0.906973,0,0,0,0,0,0
96.3201,5.15953,5.14347,0,0,0,0.421189,0.906973,0,0,0,0,0,0
96.48,5.15953,5.14347,0,0,0,0.421189,0.906973,0,0,0,0,0,0
96.5601,5.15953,5.14347,0,0,0,0.421189,0.906973,0,0,0,0,0,0
96.6001,5.15953,5.14347,0,0,0,0.421189,0.906973,0,0,0,0,0,0
96.6401,5.15953,5.14347,0,0,0,0.421189,0.906973,0,0,0,0,0,0
96.6801,5.15953,5.14347,0,0,0,0.421189,0.906973,0,0,0,0,0,0
97.4801,5.15953,5.14347,0,0,0,0.421189,0.906973,0,0,0,0,0,0
97.8801,5.15953,5.14347,0,0,0,0.421189,0.906973,0,0,0,0,0,0
98.04,5.15953,5.14347,0,0,0,0.421189,0.906973,0,0,0,0,0,0
98.2001,5.15953,5.14347,0,0,0,0.421189,0.906973,0,0,0,0,0,0
98.3601,5.15953,5.14347,0,0,0,0.421189,0.906973,0,0,0,0,0,0
98.52,5.15953,5.14347,0,0,0,0.421189,0.906973,0,0,0,0,0,0
98.72,5.15953,5.14347,0,0,0,0.421189,0.906973,0,0,0,0,0,0
98.8801,5.15953,5.14347,0,0,0,0.421189,0.906973,0,0,0,0,0,0
99.0801,5.15899,5.14283,0,0,0,0.421189,0.906973,-0.0104558,0,0,0,0,-0.0641463
99.2401,5.15899,5.14283,0,0,0,0.421189,0.906973,0,0,0,0,0,0
99.48,5.15845,5.14219,0,0,0,0.421189,0.906973,0,0,0,0,0,0
99.64,5.15845,5.14219,0,0,0,0.421189,0.906973,0,0,0,0,0,0
99.8,5.15818,5.14187,0,0,0,0.420022,0.907514,-0.0104945,0,0,0,0,-0.0643836
99.9601,5.15818,5.14187,0,0,0,0.420022,0.907514,0,0,0,0,0,0
100.12,5.15763,5.14123,0,0,0,0.422355,0.906431,0,0,0,0,0,0
100.32,5.15763,5.14123,0,0,0,0.422355,0.906431,0,0,0,0,0,0
100.4,5.15763,5.14123,0,0,0,0.422355,0.906431,0,0,0,0,0,0
100.52,5.15763,5.14123,0,0,0,0.422355,0.906431,0,0,0,0,0,0
100.56,5.15763,5.14123,0,0,0,0.422355,0.906431,0,0,0,0,0,0
100.6,5.15763,5.14123,0,0,0,0.422355,0.906431,0,0,0,0,0,0
101.32,5.15763,5.14123,0,0,0,0.422355,0.906431,0,0,0,0,0,0
101.76,5.15441,5.13737,0,0,0,0.427013,0.904246,0,0,0,0,0,0
101.96,5.15441,5.13737,0,0,0,0.427013,0.904246,0,0,0,0,0,0
102.12,5.15441,5.13737,0,0,0,0.427013,0.904246,0,0,0,0,0,0
102.28,5.15441,5.13737,0,0,0,0.427013,0.904246,0,0,0,0,0,0
102.48,5.15441,5.13737,0,0,0,0.427013,0.904246,0,0,0,0,0,0
102.64,5.15441,5.13737,0,0,0,0.427013,0.904246,0,0,0,0,0,0
102.8,5.15441,5.13737,0,0,0,0.427013,0.904246,0,0,0,0,0,0
102.96,5.15441,5.13737,0,0,0,0.427013,0.904246,0,0,0,0,0,0
103.12,5.15441,5.13737,0,0,0,0.427013,0.904246,0,0,0,0,0,0
103.28,5.15441,5.13737,0,0,0,0.427013,0.904246,0,0,0,0,0,0
103.44,5.15441,5.13737,0,0,0,0.427013,0.904246,0,0,0,0,0,0
103.6,5.15441,5.13737,0,0,0,0.427013,0.904246,0,0,0,0,0,0
103.76,5.15441,5.13737,0,0,0,0.427013,0.904246,0,0,0,0,0,0
103.92,5.15441,5.13737,0,0,0,0.427013,0.904246,0,0,0,0,0,0
104.08,5.15441,5.13737,0,0,0,0.427013,0.904246,0,0,0,0,0,0
104.24,5.15441,5.13737,0,0,0,0.427013,0.904246,0,0,0,0,0,0
104.28,5.15441,5.13737,0,0,0,0.427013,0.904246,0,0,0,0,0,0
104.32,5.15441,5.13737,0,0,0,0.427013,0.904246,0,0,0,0,0,0
104.36,5.15441,5.13737,0,0,0,0.427013,0.904246,0,0,0,0,0,0
105.12,5.13544,5.1224,0,0,0,0.25069,0.968067,-0.0524345,0,0,0,0,-0.321684
105.52,5.12842,5.11864,0,0,0,0.226959,0.973904,-0.0104828,0,0,0,0,-0.0643115
105.72,5.12804,5.11845,0,0,0,0.225706,0.974195,0,0,0,0,0,0
105.88,5.12804,5.11845,0,0,0,0.225706,0.974195,0,0,0,0,0,0
106.04,5.1239,5.11643,0,0,0,0.2119,0.977291,-0.0419478,0,0,0,0,-0.257349
106.2,5.12238,5.11571,0,0,0,0.184164,0.982896,0.021018,0,0,0,0,-0.51578
106.4,5.12119,5.1153,0,0,0,0.167704,0.985837,-0.0209623,0,0,0,0,-0.128603
106.56,5.11407,5.11281,0,0,0,0.165167,0.986266,-0.0314522,0,0,0,0,-0.0643195
106.72,5.11407,5.1128,0,0,0,0.165167,0.986266,0,0,0,0,0,0
106.88,5.11407,5.1128,0,0,0,0.165167,0.986266,0,0,0,0,0,0
107.04,5.11407,5.1128,0,0,0,0.165167,0.986266,0,0,0,0,0,0
107.2,5.11407,5.1128,0,0,0,0.165167,0.986266,0,0,0,0,0,0
107.36,5.11407,5.1128,0,0,0,0.165167,0.986266,0,0,0,0,0,0
107.52,5.11407,5.1128,0,0,0,0.165167,0.986266,0,0,0,0,0,0
107.68,5.11407,5.1128,0,0,0,0.165167,0.986266,0,0,0,0,0,0
107.84,5.11407,5.1128,0,0,0,0.165167,0.986266,0,0,0,0,0,0
108,5.11407,5.1128,0,0,0,0.165167,0.986266,0,0,0,0,0,0
108.04,5.11407,5.1128,0,0,0,0.165167,0.986266,0,0,0,0,0,0
108.08,5.11407,5.1128,0,0,0,0.165167,0.986266,0,0,0,0,0,0
108.12,5.11407,5.1128,0,0,0,0.165167,0.986266,0,0,0,0,0,0
108.84,5.11407,5.1128,0,0,0,0.165167,0.986266,0,0,0,0,0,0
109.28,5.11407,5.1128,0,0,0,0.165167,0.986266,0,0,0,0,0,0
109.48,5.11407,5.1128,0,0,0,0.165167,0.986266,0,0,0,0,0,0
109.64,5.11407,5.1128,0,0,0,0.165167,0.986266,0,0,0,0,0,0
109.8,5.11407,5.1128,0,0,0,0.165167,0.986266,0,0,0,0,0,0
109.96,5.11407,5.1128,0,0,0,0.165167,0.986266,0,0,0,0,0,0
110.12,5.11407,5.1128,0,0,0,0.165167,0.986266,0,0,0,0,0,0
110.28,5.11407,5.1128,0,0,0,0.165167,0.986266,0,0,0,0,0,0
110.44,5.11407,5.1128,0,0,0,0.165167,0.986266,0,0,0,0,0,0
110.6,5.11407,5.1128,0,0,0,0.165167,0.986266,0,0,0,0,0,0
110.76,5.11407,5.1128,0,0,0,0.165167,0.986266,0,0,0,0,0,0
110.92,5.11407,5.1128,0,0,0,0.165167,0.986266,0,0,0,0,0,0
111.08,5.11407,5.1128,0,0,0,0.165167,0.986266,0,0,0,0,0,0
111.24,5.11407,5.1128,0,0,0,0.165167,0.986266,0,0,0,0,0,0
111.4,5.11407,5.1128,0,0,0,0.165167,0.986266,0,0,0,0,0,0
111.56,5.11407,5.1128,0,0,0,0.165167,0.986266,0,0,0,0,0,0
111.72,5.11407,5.1128,0,0,0,0.165167,0.986266,0,0,0,0,0,0
111.76,5.11407,5.1128,0,0,0,0.165167,0.986266,0,0,0,0,0,0
111.8,5.11407,5.1128,0,0,0,0.165167,0.986266,0,0,0,0,0,0
111.84,5.11407,5.1128,0,0,0,0.165167,0.986266,0,0,0,0,0,0
111.88,5.11407,5.1128,0,0,0,0.165167,0.986266,0,0,0,0,0,0
112.6,5.11407,5.1128,0,0,0,0.165167,0.986266,0,0,0,0,0,0
113,5.11407,5.1128,0,0,0,0.165167,0.986266,0,0,0,0,0,0
113.16,5.11407,5.1128,0,0,0,0.165167,0.986266,0,0,0,0,0,0
113.32,5.11407,5.1128,0,0,0,0.165167,0.986266,0,0,0,0,0,0
113.48,5.11407,5.1128,0,0,0,0.165167,0.986266,0,0,0,0,0,0
113.64,5.11407,5.1128,0,0,0,0.165167,0.986266,0,0,0,0,0,0
113.8,5.11407,5.1128,0,0,0,0.165167,0.986266,0,0,0,0,0,0
113.96,5.11407,5.1128,0,0,0,0.165167,0.986266,0,0,0,0,0,0
114.12,5.11407,5.1128,0,0,0,0.165167,0.986266,0,0,0,0,0,0
114.28,5.11724,5.1139,0,0,0,0.15501,0.987913,0.020921,0,0,0,0,-0.12835
114.44,5.11804,5.11416,0,0,0,0.152468,0.988308,0,0,0,0,0,0
114.6,5.11804,5.11416,0,0,0,0.152468,0.988308,0,0,0,0,0,0
114.76,5.11804,5.11416,0,0,0,0.152468,0.988308,0,0,0,0,0,0
114.92,5.11804,5.11416,0,0,0,0.152468,0.988308,0,0,0,0,0,0
115.08,5.11804,5.11416,0,0,0,0.152468,0.988308,0,0,0,0,0,0
115.24,5.11804,5.11416,0,0,0,0.152468,0.988308,0,0,0,0,0,0
115.44,5.11804,5.11416,0,0,0,0.152468,0.988308,0,0,0,0,0,0
115.52,5.11804,5.11416,0,0,0,0.152468,0.988308,0,0,0,0,0,0
115.56,5.11804,5.11416,0,0,0,0.152468,0.988308,0,0,0,0,0,0
115.6,5.11804,5.11416,0,0,0,0.152468,0.988308,0,0,0,0,0,0
115.64,5.11804,5.11416,0,0,0,0.152468,0.988308,0,0,0,0,0,0
116.4,5.11804,5.11416,0,0,0,0.152468,0.988308,0,0,0,0,0,0
116.8,5.11804,5.11416,0,0,0,0.152468,0.988308,0,0,0,0,0,0
117,5.11804,5.11416,0,0,0,0.152468,0.988308,0,0,0,0,0,0
117.16,5.11804,5.11416,0,0,0,0.152468,0.988308,0,0,0,0,0,0
117.32,5.11804,5.11416,0,0,0,0.152468,0.988308,0,0,0,0,0,0
117.48,5.11804,5.11416,0,0,0,0.152468,0.988308,0,0,0,0,0,0
117.64,5.11804,5.11416,0,0,0,0.152468,0.988308,0,0,0,0,0,0
117.8,5.11804,5.11416,0,0,0,0.152468,0.988308,0,0,0,0,0,0
117.96,5.11804,5.11416,0,0,0,0.152468,0.988308,0,0,0,0,0,0
118.12,5.11804,5.11416,0,0,0,0.152468,0.988308,0,0,0,0,0,0
118.24,5.11804,5.11416,0,0,0,0.152468,0.988308,0,0,0,0,0,0
118.4,5.11804,5.11416,0,0,0,0.152468,0.988308,0,0,0,0,0,0
118.56,5.11804,5.11416,0,0,0,0.152468,0.988308,0,0,0,0,0,0
118.76,5.11804,5.11416,0,0,0,0.152468,0.988308,0,0,0,0,0,0
118.92,5.11804,5.11416,0,0,0,0.152468,0.988308,0,0,0,0,0,0
119.08,5.11804,5.11416,0,0,0,0.152468,0.988308,0,0,0,0,0,0
119.24,5.11804,5.11416,0,0,0,0.152468,0.988308,0,0,0,0,0,0
119.28,5.11804,5.11416,0,0,0,0.152468,0.988308,0,0,0,0,0,0
119.32,5.11804,5.11416,0,0,0,0.152468,0.988308,0,0,0,0,0,0
119.36,5.11804,5.11416,0,0,0,0.152468,0.988308,0,0,0,0,0,0
119.4,5.11804,5.11416,0,0,0,0.152468,0.988308,0,0,0,0,0,0
120.12,5.11804,5.11416,0,0,0,0.152468,0.988308,0,0,0,0,0,0
120.6,5.11804,5.11416,0,0,0,0.152468,0.988308,0,0,0,0,0,0
120.8,5.11804,5.11416,0,0,0,0.152468,0.988308,0,0,0,0,0,0
120.96,5.11804,5.11416,0,0,0,0.152468,0.988308,0,0,0,0,0,0
121.12,5.11804,5.11416,0,0,0,0.152468,0.988308,0,0,0,0,0,0
121.28,5.11764,5.11404,0,0,0,0.153739,0.988112,0,0,0,0,0,0
121.44,5.11764,5.11404,0,0,0,0.153739,0.988112,0,0,0,0,0,0
121.6,5.11564,5.1134,0,0,0,0.160091,0.987102,-0.0105106,0,0,0,0,0.0644821